date,country,vertical,os, avg_user_spend,cftd,dau, mau
2024-08-01,USA,RMG,ANDROID,$167.92,$936.26,551997,4557050
2024-08-01,USA,,IOS,$174.89,$334.22,868258,7869468
2024-08-01,USA,Sportsbetting,IOS,$250.29,$326.93,1444865,21795497
2024-08-02,USA,RMG,ANDROID,$144.03,$629.13,548071,4557050
2024-08-02,USA,,IOS,$205.27,$738.42,780573,7869468
2024-08-02,USA,Sportsbetting,IOS,$103.64,$72.25,1562708,21795497
2024-08-03,USA,RMG,ANDROID,$153.20,$492.78,546075,4557050
2024-08-03,USA,,IOS,$218.75,$861.73,870421,7869468
2024-08-03,USA,Sportsbetting,IOS,$237.40,$291.37,1635996,21795497
2024-08-04,USA,RMG,ANDROID,$118.11,$412.33,590974,4557050
2024-08-04,USA,,IOS,$200.15,$485.00,846303,7869468
2024-08-04,USA,Sportsbetting,IOS,$251.86,$285.46,1642285,21795497
2024-08-05,USA,RMG,ANDROID,$135.21,$535.04,539386,4557050
2024-08-05,USA,,IOS,$200.62,$565.21,697245,7869468
2024-08-05,USA,Sportsbetting,IOS,$115.23,$82.80,1545570,21795497
2024-08-06,USA,RMG,ANDROID,$131.90,$537.94,563651,4557050
2024-08-06,USA,,IOS,$202.07,$379.09,745167,7869468
2024-08-06,USA,Sportsbetting,IOS,$101.31,$57.07,1549991,21795497
2024-08-07,USA,RMG,ANDROID,$132.41,$529.49,603172,4557050
2024-08-07,USA,,IOS,$202.93,$542.19,853796,7869468
2024-08-07,USA,Sportsbetting,IOS,$189.44,$176.63,1701025,21795497
2024-08-08,USA,RMG,ANDROID,$121.88,$657.12,585276,4557050
2024-08-08,USA,,IOS,$207.93,$498.05,852673,7869468
2024-08-08,USA,Sportsbetting,IOS,$315.08,$359.70,1649909,21795497
2024-08-09,USA,RMG,ANDROID,$119.66,$571.44,574166,4557050
2024-08-09,USA,,IOS,$189.77,$570.63,763935,7869468
2024-08-09,USA,Sportsbetting,ANDROID,,,601474,4765560
2024-08-09,USA,,IOS,$185.37,$204.29,1783132,21795497
2024-08-10,USA,RMG,ANDROID,$151.48,$487.26,571403,4557050
2024-08-10,USA,,IOS,$217.97,$946.04,864507,7869468
2024-08-10,USA,Sportsbetting,ANDROID,,,616863,4765560
2024-08-10,USA,,IOS,$298.26,$345.85,1825219,21795497
2024-08-11,USA,RMG,ANDROID,$145.82,$888.28,560527,4557050
2024-08-11,USA,,IOS,$203.09,$800.06,898575,7869468
2024-08-11,USA,Sportsbetting,ANDROID,,,659431,4765560
2024-08-11,USA,,IOS,$211.55,$222.43,1969956,21795497
2024-08-12,USA,RMG,ANDROID,$150.99,$505.60,510380,4557050
2024-08-12,USA,,IOS,$194.15,$565.24,746783,7869468
2024-08-12,USA,Sportsbetting,ANDROID,$246.28,$208.16,657729,4765560
2024-08-12,USA,,IOS,$251.77,$374.46,1950034,21795497
2024-08-13,USA,RMG,ANDROID,$174.30,$451.53,533498,4557050
2024-08-13,USA,,IOS,$226.82,$674.66,789044,7869468
2024-08-13,USA,Sportsbetting,ANDROID,,,644242,4765560
2024-08-13,USA,,IOS,$212.35,$308.14,1960770,21795497
2024-08-14,USA,RMG,ANDROID,$152.53,$624.87,573152,4557050
2024-08-14,USA,,IOS,$163.94,$239.72,904534,7869468
2024-08-14,USA,Sportsbetting,ANDROID,,,661158,4765560
2024-08-14,USA,,IOS,$87.47,$69.17,2117833,21795497
2024-08-15,USA,RMG,ANDROID,$126.00,$560.31,556766,4557050
2024-08-15,USA,,IOS,$218.57,$791.08,902263,7869468
2024-08-15,USA,Sportsbetting,ANDROID,$197.87,$197.87,637968,4765560
2024-08-15,USA,,IOS,$132.93,$805.61,2003616,21795497
2024-08-16,USA,RMG,ANDROID,$161.93,$719.66,548644,4557050
2024-08-16,USA,,IOS,$198.75,$445.94,815602,7869468
2024-08-16,USA,Sportsbetting,ANDROID,$817.47,$817.47,649365,4765560
2024-08-16,USA,,IOS,$189.67,$413.86,2159828,21795497
2024-08-17,USA,RMG,ANDROID,$138.01,$498.18,544284,4557050
2024-08-17,USA,,IOS,$217.21,$666.26,920243,7869468
2024-08-17,USA,Sportsbetting,ANDROID,$854.48,$854.48,674776,4765560
2024-08-17,USA,,IOS,$281.23,$359.49,2228282,21795497
2024-08-18,USA,RMG,ANDROID,$170.46,$508.69,576998,4557050
2024-08-18,USA,,IOS,$199.96,$718.75,948694,7869468
2024-08-18,USA,Sportsbetting,ANDROID,$731.51,$731.51,695525,4765560
2024-08-18,USA,,IOS,$158.36,$288.59,2315447,21795497
2024-08-19,USA,RMG,ANDROID,$152.45,$888.94,520415,4557050
2024-08-19,USA,,IOS,$173.06,$322.76,781037,7869468
2024-08-19,USA,Sportsbetting,ANDROID,,,712474,4765560
2024-08-19,USA,,IOS,$235.73,"$1,149.97",2363619,21795497
2024-08-20,USA,RMG,ANDROID,$134.44,$630.58,540431,4557050
2024-08-20,USA,,IOS,$223.31,$767.00,822956,7869468
2024-08-20,USA,Sportsbetting,ANDROID,,,698284,4765560
2024-08-20,USA,,IOS,$184.20,$276.15,2331956,21795497
2024-08-21,USA,RMG,ANDROID,$167.31,$846.30,582197,4557050
2024-08-21,USA,,IOS,$234.56,$850.44,948656,7869468
2024-08-21,USA,Sportsbetting,ANDROID,$688.34,$688.34,717515,4765560
2024-08-21,USA,,IOS,$173.53,$280.76,2522083,21795497
2024-08-22,USA,RMG,ANDROID,$143.74,$526.73,562412,4557050
2024-08-22,USA,,IOS,$230.48,$752.56,936215,7869468
2024-08-22,USA,Sportsbetting,ANDROID,,,693109,4765560
2024-08-22,USA,,IOS,$100.46,$382.19,2417210,21795497
2024-08-23,USA,RMG,ANDROID,$171.83,$616.50,554090,4557050
2024-08-23,USA,,IOS,$211.73,$421.20,861458,7869468
2024-08-23,USA,Sportsbetting,ANDROID,$860.28,$860.28,693491,4765560
2024-08-23,USA,,IOS,$139.87,$743.56,2560656,21795497
2024-08-24,USA,RMG,ANDROID,$132.52,$576.11,551456,4557050
2024-08-24,USA,,IOS,$213.97,$400.26,967660,7869468
2024-08-24,USA,Sportsbetting,ANDROID,$648.77,$648.77,739658,4765560
2024-08-24,USA,,IOS,$133.64,$342.27,2613752,21795497
2024-08-25,USA,RMG,ANDROID,$142.95,$443.75,603693,4557050
2024-08-25,USA,,IOS,$208.75,$731.77,1010563,7869468
2024-08-25,USA,Sportsbetting,ANDROID,$680.17,$680.17,853579,4765560
2024-08-25,USA,,IOS,$157.97,"$1,399.92",2984673,21795497
2024-08-26,USA,RMG,ANDROID,$134.33,$498.73,546124,4557050
2024-08-26,USA,,IOS,$179.59,$611.28,823028,7869468
2024-08-26,USA,Sportsbetting,ANDROID,,,866486,4765560
2024-08-26,USA,,IOS,$565.13,"$1,263.15",3052180,21795497
2024-08-27,USA,RMG,ANDROID,$187.32,$490.32,573819,4557050
2024-08-27,USA,,IOS,$205.97,$417.82,878551,7869468
2024-08-27,USA,Sportsbetting,ANDROID,,,859961,4765560
2024-08-27,USA,,IOS,$198.33,$324.22,3013807,21795497
2024-08-28,USA,RMG,ANDROID,$138.16,$787.03,604481,4557050
2024-08-28,USA,,IOS,$202.82,$346.72,1005988,7869468
2024-08-28,USA,Sportsbetting,ANDROID,$578.77,$578.77,887075,4765560
2024-08-28,USA,,IOS,$315.13,$574.62,3096184,21795497
2024-08-29,USA,RMG,ANDROID,$130.22,$495.98,593585,4557050
2024-08-29,USA,,IOS,$201.36,$369.78,990433,7869468
2024-08-29,USA,Sportsbetting,ANDROID,$337.80,$337.80,861771,4765560
2024-08-29,USA,,IOS,$197.37,$388.79,3014305,21795497
2024-08-30,USA,RMG,ANDROID,$166.85,$438.54,586371,4557050
2024-08-30,USA,,IOS,$237.10,$440.81,940310,7869468
2024-08-30,USA,Sportsbetting,ANDROID,$871.12,$871.12,861398,4765560
2024-08-30,USA,,IOS,$256.41,$378.94,3167626,21795497
2024-08-31,USA,RMG,ANDROID,$127.81,$240.06,583211,4557050
2024-08-31,USA,,IOS,$216.98,$288.67,1040440,7869468
2024-08-31,USA,Sportsbetting,ANDROID,$204.99,$191.73,930363,4765560
2024-08-31,USA,,IOS,$561.40,$830.35,3298700,21795497
2024-09-01,USA,RMG,ANDROID,$150.42,$631.23,603169,4557050
2024-09-01,USA,,IOS,$231.27,$480.41,1013843,7869468
2024-09-01,USA,Sportsbetting,ANDROID,$310.39,$310.39,1174224,4765560
2024-09-01,USA,,IOS,$324.70,$510.63,4119767,21795497
2024-09-02,USA,RMG,ANDROID,$143.04,$639.80,548868,4557050
2024-09-02,USA,,IOS,$240.67,$275.41,819688,7869468
2024-09-02,USA,Sportsbetting,ANDROID,$51.76,$51.76,1193983,4765560
2024-09-02,USA,,IOS,$341.86,$405.56,4218038,21795497
2024-09-03,USA,RMG,ANDROID,$158.51,"$1,329.06",580644,4557050
2024-09-03,USA,,IOS,$237.77,$600.43,870877,7869468
2024-09-03,USA,Sportsbetting,ANDROID,,,1188580,4765560
2024-09-03,USA,,IOS,$399.80,$504.14,4092036,21795497
2024-09-04,USA,RMG,ANDROID,$141.59,$937.34,609737,4557050
2024-09-04,USA,,IOS,$204.52,$311.14,1009131,7869468
2024-09-04,USA,Sportsbetting,ANDROID,$654.90,$654.90,1242016,4765560
2024-09-04,USA,,IOS,$370.17,$434.31,4311501,21795497
2024-09-05,USA,RMG,ANDROID,$129.61,$401.58,598350,4557050
2024-09-05,USA,,IOS,$216.37,$436.00,1243775,7869468
2024-09-05,USA,Sportsbetting,ANDROID,$505.55,$464.35,1245337,4765560
2024-09-05,USA,,IOS,$283.08,$320.07,4337905,21795497
2024-09-06,USA,RMG,ANDROID,$136.81,$659.97,588677,4557050
2024-09-06,USA,,IOS,$305.65,$565.95,943941,7869468
2024-09-06,USA,Sportsbetting,ANDROID,$513.99,$513.99,1224781,4765560
2024-09-06,USA,,IOS,$281.60,$327.50,4678324,21795497
2024-09-07,USA,RMG,ANDROID,$141.87,$447.26,598028,4557050
2024-09-07,USA,,IOS,$251.31,$599.40,1057966,7869468
2024-09-07,USA,Sportsbetting,ANDROID,"$1,337.99","$1,337.99",1335169,4765560
2024-09-07,USA,,IOS,$299.68,$320.26,4542059,21795497
2024-09-08,USA,RMG,ANDROID,$139.04,$750.21,609380,4557050
2024-09-08,USA,,IOS,$222.49,$378.45,1045619,7869468
2024-09-08,USA,Sportsbetting,ANDROID,$518.69,$518.69,1443312,4765560
2024-09-08,USA,,IOS,$300.09,$338.35,3817555,21795497
2024-09-09,USA,RMG,ANDROID,$133.77,$569.68,556141,4557050
2024-09-09,USA,,IOS,$215.36,$287.78,842227,7869468
2024-09-09,USA,Sportsbetting,ANDROID,$438.60,$438.60,1447662,4765560
2024-09-09,USA,,IOS,$223.41,$230.08,3872044,21795497
2024-09-10,USA,RMG,ANDROID,$141.37,$572.42,603549,4557050
2024-09-10,USA,,IOS,$257.17,$404.69,927865,7869468
2024-09-10,USA,Sportsbetting,ANDROID,$479.67,$566.31,1445916,4765560
2024-09-10,USA,,IOS,$310.93,$325.17,3640294,21795497
2024-09-11,USA,RMG,ANDROID,$197.52,"$1,616.37",631037,4557050
2024-09-11,USA,,IOS,$240.32,$541.81,1048755,7869468
2024-09-11,USA,Sportsbetting,ANDROID,"$1,004.07","$1,083.57",1512298,4765560
2024-09-11,USA,,IOS,$244.47,$294.22,3803752,21795497
2024-09-12,USA,RMG,ANDROID,$173.81,$594.08,615668,4557050
2024-09-12,USA,,IOS,$332.54,$607.35,1308053,7869468
2024-09-12,USA,Sportsbetting,ANDROID,$613.56,$795.72,1711272,4765560
2024-09-12,USA,,IOS,$236.90,$288.02,4011287,21795497
2024-09-13,USA,RMG,ANDROID,$180.90,$843.09,606174,4557050
2024-09-13,USA,,IOS,$305.95,$789.67,955051,7869468
2024-09-13,USA,Sportsbetting,ANDROID,$245.26,$452.87,1644067,4765560
2024-09-13,USA,,IOS,$238.94,$296.63,4313896,21795497
2024-09-14,USA,RMG,ANDROID,$159.33,"$1,024.28",624853,4557050
2024-09-14,USA,,IOS,$230.81,$439.91,1087647,7869468
2024-09-14,USA,Sportsbetting,ANDROID,$339.08,"$1,013.10",1674458,4765560
2024-09-14,USA,,IOS,$205.14,$282.75,4096214,21795497
2024-09-15,USA,RMG,ANDROID,$168.18,"$1,022.95",575221,4557050
2024-09-15,USA,,IOS,$255.20,$331.36,899301,7869468
2024-09-15,USA,Sportsbetting,ANDROID,$343.11,$491.55,1565466,4765560
2024-09-15,USA,,IOS,$188.98,$216.03,3802718,21795497
2024-09-16,USA,RMG,ANDROID,$158.07,$363.43,541490,4557050
2024-09-16,USA,,IOS,$216.96,$389.56,727551,7869468
2024-09-16,USA,Sportsbetting,ANDROID,$349.16,$575.04,1489464,4765560
2024-09-16,USA,,IOS,$159.74,$188.49,3621713,21795497
2024-09-17,USA,RMG,ANDROID,$142.05,$696.26,579075,4557050
2024-09-17,USA,,IOS,$297.91,$623.57,781423,7869468
2024-09-17,USA,Sportsbetting,ANDROID,$331.88,$521.97,1444071,4765560
2024-09-17,USA,,IOS,$258.71,$285.23,3278883,21795497
2024-09-18,USA,RMG,ANDROID,$169.86,$499.97,608309,4557050
2024-09-18,USA,,IOS,$253.07,$379.66,900285,7869468
2024-09-18,USA,Sportsbetting,ANDROID,$171.68,$352.11,1480293,4765560
2024-09-18,USA,,IOS,$267.00,$324.73,3321303,21795497
2024-09-19,USA,RMG,ANDROID,$169.81,$509.61,584176,4557050
2024-09-19,USA,,IOS,$240.50,$505.99,1051431,7869468
2024-09-19,USA,Sportsbetting,ANDROID,$572.03,$871.74,1697736,4765560
2024-09-19,USA,,IOS,$567.44,$617.13,3645475,21795497
2024-09-20,USA,RMG,ANDROID,$179.78,$555.28,572203,4557050
2024-09-20,USA,,IOS,$262.93,$612.31,792019,7869468
2024-09-20,USA,Sportsbetting,ANDROID,$405.08,$980.86,1571946,4765560
2024-09-20,USA,,IOS,$264.65,$315.58,3512931,21795497
2024-09-21,USA,RMG,ANDROID,$186.88,$905.08,592965,4557050
2024-09-21,USA,,IOS,$264.57,$743.95,918675,7869468
2024-09-21,USA,Sportsbetting,ANDROID,$490.49,$775.56,1551543,4765560
2024-09-21,USA,,IOS,$537.68,$662.53,3553593,21795497
2024-09-22,USA,RMG,ANDROID,$182.78,$712.97,614525,4557050
2024-09-22,USA,,IOS,$226.89,$420.81,862112,7869468
2024-09-22,USA,Sportsbetting,ANDROID,$505.45,$634.72,1671273,4765560
2024-09-22,USA,,IOS,$350.57,$455.97,4154050,21795497
2024-09-23,USA,RMG,ANDROID,$161.30,"$1,073.79",582020,4557050
2024-09-23,USA,,IOS,$287.83,$797.44,681631,7869468
2024-09-23,USA,Sportsbetting,ANDROID,$228.98,$482.48,1525825,4765560
2024-09-23,USA,,IOS,$281.46,$357.75,3810905,21795497
2024-09-24,USA,RMG,ANDROID,$168.09,$363.37,620284,4557050
2024-09-24,USA,,IOS,$290.39,$653.62,742737,7869468
2024-09-24,USA,Sportsbetting,ANDROID,$354.35,$354.35,1454304,4765560
2024-09-24,USA,,IOS,$439.35,$498.99,3517224,21795497
2024-09-25,USA,RMG,ANDROID,$132.68,$332.31,644101,4557050
2024-09-25,USA,,IOS,$253.39,$797.93,843564,7869468
2024-09-25,USA,Sportsbetting,ANDROID,$681.93,$272.77,1451860,4765560
2024-09-25,USA,,IOS,$234.65,$302.99,3372513,21795497
2024-09-26,USA,RMG,ANDROID,$161.24,$419.00,629959,4557050
2024-09-26,USA,,IOS,$331.85,$805.43,1014673,7869468
2024-09-26,USA,Sportsbetting,ANDROID,"$1,476.29","$1,476.29",1698352,4765560
2024-09-26,USA,,IOS,$452.37,$561.29,3504590,21795497
2024-09-27,USA,RMG,ANDROID,$151.98,$341.73,615481,4557050
2024-09-27,USA,,IOS,$250.86,$881.27,747804,7869468
2024-09-27,USA,Sportsbetting,ANDROID,$834.61,$834.61,1525756,4765560
2024-09-27,USA,,IOS,$373.71,$553.30,3793912,21795497
2024-09-28,USA,RMG,ANDROID,$202.85,$972.64,627772,4557050
2024-09-28,USA,,IOS,$217.73,$304.58,873906,7869468
2024-09-28,USA,Sportsbetting,ANDROID,$536.57,$536.57,1485775,4765560
2024-09-28,USA,,IOS,$563.97,$631.63,3600020,21795497
2024-09-29,USA,RMG,ANDROID,$226.96,$727.61,655701,4557050
2024-09-29,USA,,IOS,$282.36,$697.62,927925,7869468
2024-09-29,USA,Sportsbetting,ANDROID,$653.23,$653.23,1752899,4765560
2024-09-29,USA,,IOS,$412.51,$521.18,4187535,21795497
2024-09-30,USA,RMG,ANDROID,$125.32,$508.55,619918,4557050
2024-09-30,USA,,IOS,$292.14,$973.35,731647,7869468
2024-09-30,USA,Sportsbetting,ANDROID,$636.32,$636.32,1564605,4765560
2024-09-30,USA,,IOS,$192.38,$227.37,3859484,21795497
2024-10-01,USA,RMG,ANDROID,$147.07,$574.36,652296,4557050
2024-10-01,USA,,IOS,$276.72,$761.61,792625,7869468
2024-10-01,USA,Sportsbetting,ANDROID,$368.84,$368.84,1477608,4765560
2024-10-01,USA,,IOS,$184.77,$277.25,3543250,21795497
2024-10-02,USA,RMG,ANDROID,$186.93,$514.57,678253,4557050
2024-10-02,USA,,IOS,$269.66,$694.19,895795,7869468
2024-10-02,USA,Sportsbetting,ANDROID,$354.52,$354.52,1435753,4765560
2024-10-02,USA,,IOS,$287.28,$484.79,3258990,21795497
2024-10-03,USA,RMG,ANDROID,$192.00,$737.18,671247,4557050
2024-10-03,USA,,IOS,$317.35,$671.82,1061852,7869468
2024-10-03,USA,Sportsbetting,ANDROID,$824.79,$824.79,1709398,4765560
2024-10-03,USA,,IOS,$448.63,$546.12,3403087,21795497
2024-10-04,USA,RMG,ANDROID,$203.61,"$1,014.92",639276,4557050
2024-10-04,USA,,IOS,$221.41,$270.09,810930,7869468
2024-10-04,USA,Sportsbetting,ANDROID,$123.62,$123.62,1504958,4765560
2024-10-04,USA,,IOS,$892.89,$957.35,3610734,21795497
2024-10-05,USA,RMG,ANDROID,$216.48,$727.53,665107,4557050
2024-10-05,USA,,IOS,$278.37,$350.35,944719,7869468
2024-10-05,USA,Sportsbetting,ANDROID,$556.46,$556.46,1457919,4765560
2024-10-05,USA,,IOS,$864.12,$998.44,3556967,21795497
2024-10-06,USA,RMG,ANDROID,$224.45,"$1,470.07",645433,4557050
2024-10-06,USA,,IOS,$253.20,$448.85,763662,7869468
2024-10-06,USA,Sportsbetting,ANDROID,$338.15,$338.15,1784934,4765560
2024-10-06,USA,,IOS,$771.03,$903.61,3990235,21795497
2024-10-07,USA,RMG,ANDROID,$195.30,$691.48,613961,4557050
2024-10-07,USA,,IOS,$263.75,$312.17,633912,7869468
2024-10-07,USA,Sportsbetting,ANDROID,$291.68,$291.68,1568836,4765560
2024-10-07,USA,,IOS,$270.80,$352.86,3774007,21795497
2024-10-08,USA,RMG,ANDROID,$130.01,$865.12,640988,4557050
2024-10-08,USA,,IOS,$272.05,$968.08,700048,7869468
2024-10-08,USA,Sportsbetting,ANDROID,$133.52,$133.52,1451688,4765560
2024-10-08,USA,,IOS,$197.11,$319.74,3488944,21795497
2024-10-09,USA,RMG,ANDROID,$175.64,$666.73,669706,4557050
2024-10-09,USA,,IOS,$249.07,$411.55,735917,7869468
2024-10-09,USA,Sportsbetting,ANDROID,,,1399837,4765560
2024-10-09,USA,,IOS,$335.70,$499.15,3194702,21795497
2024-10-10,USA,RMG,ANDROID,$143.42,$268.68,659769,4557050
2024-10-10,USA,,IOS,$268.19,$809.09,931446,7869468
2024-10-10,USA,Sportsbetting,ANDROID,$802.87,$802.87,1697798,4765560
2024-10-10,USA,,IOS,$785.91,$870.11,3214200,21795497
2024-10-11,USA,RMG,ANDROID,$144.72,"$1,031.22",635136,4557050
2024-10-11,USA,,IOS,$248.55,$482.95,718790,7869468
2024-10-11,USA,Sportsbetting,ANDROID,$193.05,$193.05,1471083,4765560
2024-10-11,USA,,IOS,$236.77,$359.16,3405452,21795497
2024-10-12,USA,RMG,ANDROID,$173.89,"$1,328.83",661964,4557050
2024-10-12,USA,,IOS,$273.25,$546.44,799539,7869468
2024-10-12,USA,Sportsbetting,ANDROID,$254.59,$254.59,1416696,4765560
2024-10-12,USA,,IOS,$624.66,$721.04,3333029,21795497
2024-10-13,USA,RMG,ANDROID,$172.56,"$1,344.81",645111,4557050
2024-10-13,USA,,IOS,$235.74,$464.91,704918,7869468
2024-10-13,USA,Sportsbetting,ANDROID,$557.38,$557.38,1904483,4765560
2024-10-13,USA,,IOS,$291.95,$370.53,4077012,21795497
2024-10-14,USA,RMG,ANDROID,$142.90,$649.18,617521,4557050
2024-10-14,USA,,IOS,$243.92,$701.42,575945,7869468
2024-10-14,USA,Sportsbetting,ANDROID,$398.04,$398.04,1657810,4765560
2024-10-14,USA,,IOS,$284.43,$346.06,3895209,21795497
2024-10-15,USA,RMG,ANDROID,$157.24,$704.79,644973,4557050
2024-10-15,USA,,IOS,$254.20,$770.25,626036,7869468
2024-10-15,USA,Sportsbetting,ANDROID,$166.14,$153.34,1526043,4765560
2024-10-15,USA,,IOS,$214.96,$365.19,3540183,21795497
2024-10-16,USA,RMG,ANDROID,$174.57,"$1,124.94",664619,4557050
2024-10-16,USA,,IOS,$287.31,"$1,008.60",655998,7869468
2024-10-16,USA,Sportsbetting,ANDROID,$256.10,$256.10,1445984,4765560
2024-10-16,USA,,IOS,$145.82,$199.77,3149692,21795497
2024-10-17,USA,RMG,ANDROID,$196.74,$912.55,661859,4557050
2024-10-17,USA,,IOS,$257.52,$583.42,911868,7869468
2024-10-17,USA,Sportsbetting,ANDROID,,,1787201,4765560
2024-10-17,USA,,IOS,$417.03,$465.90,3335975,21795497
2024-10-18,USA,RMG,ANDROID,$123.22,,640508,4557050
2024-10-18,USA,,IOS,$197.62,$534.59,638113,7869468
2024-10-18,USA,Sportsbetting,ANDROID,$489.75,$489.75,1517276,4765560
2024-10-18,USA,,IOS,$284.81,$321.25,3366916,21795497
2024-10-19,USA,RMG,ANDROID,$188.27,"$3,292.36",671514,4557050
2024-10-19,USA,,IOS,$255.03,$389.21,722045,7869468
2024-10-19,USA,Sportsbetting,ANDROID,$273.86,$273.86,1474296,4765560
2024-10-19,USA,,IOS,$324.21,$386.42,3441485,21795497
2024-10-20,USA,RMG,ANDROID,$141.01,$964.77,643893,4557050
2024-10-20,USA,,IOS,$247.07,$694.38,735965,7869468
2024-10-20,USA,Sportsbetting,ANDROID,$480.97,$480.97,2036684,4765560
2024-10-20,USA,,IOS,$700.29,$752.51,4258317,21795497
2024-10-21,USA,RMG,ANDROID,$130.09,$489.71,614088,4557050
2024-10-21,USA,,IOS,$284.65,$866.10,628591,7869468
2024-10-21,USA,Sportsbetting,ANDROID,$218.89,$218.89,1734673,4765560
2024-10-21,USA,,IOS,$829.90,$870.35,3974269,21795497
2024-10-22,USA,RMG,ANDROID,$186.05,"$1,069.19",647919,4557050
2024-10-22,USA,,IOS,$205.30,$544.17,667253,7869468
2024-10-22,USA,Sportsbetting,ANDROID,$442.95,$442.95,1595391,4765560
2024-10-22,USA,,IOS,$460.59,$512.29,3750840,21795497
2024-10-23,USA,RMG,ANDROID,$132.06,$380.67,660263,4557050
2024-10-23,USA,,IOS,$258.71,$843.00,706963,7869468
2024-10-23,USA,Sportsbetting,ANDROID,$256.39,$256.39,1518899,4765560
2024-10-23,USA,,IOS,$264.52,$311.03,3623610,21795497
2024-10-24,USA,RMG,ANDROID,$143.15,$274.23,656339,4557050
2024-10-24,USA,,IOS,$226.96,$634.54,980632,7869468
2024-10-24,USA,Sportsbetting,ANDROID,$405.14,$405.14,1879457,4765560
2024-10-24,USA,,IOS,$180.67,$226.48,3773523,21795497
2024-10-25,USA,RMG,ANDROID,$161.10,$232.74,626060,4557050
2024-10-25,USA,,IOS,$296.84,"$1,075.47",686654,7869468
2024-10-25,USA,Sportsbetting,ANDROID,$519.62,$519.62,1563320,4765560
2024-10-25,USA,,IOS,$492.01,$514.64,3794386,21795497
2024-10-26,USA,RMG,ANDROID,$133.15,$310.15,661008,4557050
2024-10-26,USA,,IOS,$226.32,$604.13,753550,7869468
2024-10-26,USA,Sportsbetting,ANDROID,$313.89,$291.88,1521665,4765560
2024-10-26,USA,,IOS,$193.61,$246.41,3714080,21795497
2024-10-27,USA,RMG,ANDROID,$130.21,$333.03,610238,4557050
2024-10-27,USA,,IOS,$266.78,$610.66,630006,7869468
2024-10-27,USA,Sportsbetting,ANDROID,$346.36,$346.36,2013166,4765560
2024-10-27,USA,,IOS,$833.45,$889.33,4021762,21795497
2024-10-28,USA,RMG,ANDROID,$136.84,$525.67,582117,4557050
2024-10-28,USA,,IOS,$269.32,$769.71,544731,7869468
2024-10-28,USA,Sportsbetting,ANDROID,$210.10,$210.10,1700747,4765560
2024-10-28,USA,,IOS,$386.92,$410.45,3822434,21795497
2024-10-29,USA,RMG,ANDROID,$136.66,$314.93,630545,4557050
2024-10-29,USA,,IOS,$193.13,$311.85,574968,7869468
2024-10-29,USA,Sportsbetting,ANDROID,$359.91,$359.91,1580283,4765560
2024-10-29,USA,,IOS,$591.42,$608.62,3646667,21795497
2024-10-30,USA,RMG,ANDROID,$182.09,$244.64,627490,4557050
2024-10-30,USA,,IOS,$276.09,$628.16,612539,7869468
2024-10-30,USA,Sportsbetting,ANDROID,$248.79,$248.79,1482031,4765560
2024-10-30,USA,,IOS,$710.06,$744.64,3477807,21795497
2024-10-31,USA,RMG,ANDROID,$168.49,$733.02,612606,4557050
2024-10-31,USA,,IOS,$302.50,$691.90,868102,7869468
2024-10-31,USA,Sportsbetting,ANDROID,$552.25,$552.25,1835083,4765560
2024-10-31,USA,,IOS,$283.77,$310.52,3829675,21795497
2024-11-01,USA,RMG,ANDROID,$236.54,"$1,658.01",587768,4557050
2024-11-01,USA,,IOS,$251.73,$766.98,603064,7869468
2024-11-01,USA,Sportsbetting,ANDROID,$400.53,$400.53,1514199,4765560
2024-11-01,USA,,IOS,$174.34,$214.65,3672053,21795497
2024-11-02,USA,RMG,ANDROID,$174.25,"$1,173.26",629398,4557050
2024-11-02,USA,,IOS,$198.19,$589.76,658551,7869468
2024-11-02,USA,Sportsbetting,ANDROID,$302.79,$302.79,1479171,4765560
2024-11-02,USA,,IOS,"$1,115.21","$1,176.80",3819615,21795497
2024-11-03,USA,RMG,ANDROID,$184.82,"$1,037.05",615490,4557050
2024-11-03,USA,,IOS,$179.08,$339.09,603797,7869468
2024-11-03,USA,Sportsbetting,ANDROID,"$1,330.85","$1,292.46",2189059,4765560
2024-11-03,USA,,IOS,"$1,104.52","$1,159.27",3912232,21795497
2024-11-04,USA,RMG,ANDROID,$198.75,$612.44,584093,4557050
2024-11-04,USA,,IOS,$217.93,$546.81,523800,7869468
2024-11-04,USA,Sportsbetting,ANDROID,$295.87,$295.87,1817634,4765560
2024-11-04,USA,,IOS,$228.77,$312.30,3680251,21795497
2024-11-05,USA,RMG,ANDROID,$166.19,$777.06,645924,4557050
2024-11-05,USA,,IOS,$250.21,$491.57,556453,7869468
2024-11-05,USA,Sportsbetting,ANDROID,$540.96,$540.96,1676449,4765560
2024-11-05,USA,,IOS,$714.96,$689.32,3563136,21795497
2024-11-06,USA,RMG,ANDROID,$172.99,$362.86,646146,4557050
2024-11-06,USA,,IOS,$223.69,$353.63,589655,7869468
2024-11-06,USA,Sportsbetting,ANDROID,$653.28,$653.28,1566542,4765560
2024-11-06,USA,,IOS,$705.78,$741.56,3378764,21795497
2024-11-07,USA,RMG,ANDROID,$272.92,"$1,583.27",624689,4557050
2024-11-07,USA,,IOS,$221.28,$514.55,842558,7869468
2024-11-07,USA,Sportsbetting,ANDROID,$998.38,$998.38,1948499,4765560
2024-11-07,USA,,IOS,$841.35,$899.48,3668338,21795497
2024-11-08,USA,RMG,ANDROID,$278.94,$723.70,599714,4557050
2024-11-08,USA,,IOS,$213.98,$514.99,587654,7869468
2024-11-08,USA,Sportsbetting,ANDROID,$437.15,$437.15,1590714,4765560
2024-11-08,USA,,IOS,$770.29,$809.05,3603355,21795497
2024-11-09,USA,RMG,ANDROID,$241.73,$958.95,640516,4557050
2024-11-09,USA,,IOS,$237.80,$505.48,645656,7869468
2024-11-09,USA,Sportsbetting,ANDROID,$951.77,$951.77,1544735,4765560
2024-11-09,USA,,IOS,$302.00,$349.27,3587803,21795497
2024-11-10,USA,RMG,ANDROID,$194.13,$736.60,578150,4557050
2024-11-10,USA,,IOS,$188.91,$402.55,655484,7869468
2024-11-10,USA,Sportsbetting,ANDROID,$764.15,$764.15,2128690,4765560
2024-11-10,USA,,IOS,$306.22,$355.42,4396734,21795497
2024-11-11,USA,RMG,ANDROID,$216.63,"$1,625.67",553005,4557050
2024-11-11,USA,,IOS,$188.90,$490.07,587878,7869468
2024-11-11,USA,Sportsbetting,ANDROID,$334.15,$334.15,1745316,4765560
2024-11-11,USA,,IOS,$306.46,$362.30,4127966,21795497
2024-11-12,USA,RMG,ANDROID,$201.50,$999.99,607641,4557050
2024-11-12,USA,,IOS,$217.97,$644.92,611894,7869468
2024-11-12,USA,Sportsbetting,ANDROID,$603.47,$603.47,1587949,4765560
2024-11-12,USA,,IOS,$317.70,$355.69,3838541,21795497
2024-11-13,USA,RMG,ANDROID,$195.81,$859.06,601809,4557050
2024-11-13,USA,,IOS,$219.71,$414.56,647578,7869468
2024-11-13,USA,Sportsbetting,ANDROID,$769.90,$769.90,1476150,4765560
2024-11-13,USA,,IOS,$149.01,$153.50,3433455,21795497
2024-11-14,USA,RMG,ANDROID,$189.28,$896.82,592191,4557050
2024-11-14,USA,,IOS,$199.03,$486.44,903425,7869468
2024-11-14,USA,Sportsbetting,ANDROID,$286.33,$286.33,1872947,4765560
2024-11-14,USA,,IOS,$200.84,$219.91,3877586,21795497
2024-11-15,USA,RMG,ANDROID,$175.49,$470.53,565111,4557050
2024-11-15,USA,,IOS,$203.71,$340.79,635631,7869468
2024-11-15,USA,Sportsbetting,ANDROID,$181.83,$181.83,1523872,4765560
2024-11-15,USA,,IOS,$134.43,$121.89,3793953,21795497
2024-11-16,USA,RMG,ANDROID,$209.15,$707.80,599333,4557050
2024-11-16,USA,,IOS,$264.75,$739.31,715697,7869468
2024-11-16,USA,Sportsbetting,ANDROID,$36.21,$35.63,1470800,4765560
2024-11-16,USA,,IOS,$109.68,$102.34,4483021,21795497
2024-11-17,USA,RMG,ANDROID,$185.93,$955.01,615376,4557050
2024-11-17,USA,,IOS,$232.26,$606.02,742306,7869468
2024-11-17,USA,Sportsbetting,ANDROID,$292.19,$292.19,2162605,4765560
2024-11-17,USA,,IOS,$338.63,$332.23,4591059,21795497
2024-11-18,USA,RMG,ANDROID,$166.30,$634.97,590077,4557050
2024-11-18,USA,,IOS,$230.02,$863.67,652741,7869468
2024-11-18,USA,Sportsbetting,ANDROID,$1.42,$1.42,1766505,4765560
2024-11-18,USA,,IOS,$590.14,$543.17,3912764,21795497
2024-11-19,USA,RMG,ANDROID,$186.01,$964.35,643887,4557050
2024-11-19,USA,,IOS,$247.39,"$1,132.19",685231,7869468
2024-11-19,USA,Sportsbetting,ANDROID,,,1596585,4765560
2024-11-19,USA,,IOS,$457.32,$442.12,3614154,21795497
2024-11-20,USA,RMG,ANDROID,$223.05,"$1,318.59",640024,4557050
2024-11-20,USA,,IOS,$301.47,$902.04,714803,7869468
2024-11-20,USA,Sportsbetting,ANDROID,$396.27,$396.27,1478039,4765560
2024-11-20,USA,,IOS,$621.09,$696.01,3254072,21795497
2024-11-21,USA,RMG,ANDROID,$185.39,$420.65,633834,4557050
2024-11-21,USA,,IOS,$202.11,$238.89,1005209,7869468
2024-11-21,USA,Sportsbetting,ANDROID,$718.60,$718.60,1893174,4765560
2024-11-21,USA,,IOS,$330.27,$376.84,3670049,21795497
2024-11-22,USA,RMG,ANDROID,$211.79,$909.56,604214,4557050
2024-11-22,USA,,IOS,$231.64,$378.26,703082,7869468
2024-11-22,USA,Sportsbetting,ANDROID,$324.98,$324.98,1546001,4765560
2024-11-22,USA,,IOS,$281.18,$317.45,3617390,21795497
2024-11-23,USA,RMG,ANDROID,$162.37,$829.14,640294,4557050
2024-11-23,USA,,IOS,$306.68,$481.00,798515,7869468
2024-11-23,USA,Sportsbetting,ANDROID,$223.98,$223.98,1463619,4765560
2024-11-23,USA,,IOS,$339.45,$487.70,4164085,21795497
2024-11-24,USA,RMG,ANDROID,$139.53,$432.53,622689,4557050
2024-11-24,USA,,IOS,$233.18,$700.59,771414,7869468
2024-11-24,USA,Sportsbetting,ANDROID,$770.20,$248.98,2395425,4765560
2024-11-24,USA,,IOS,$264.12,$348.67,4622252,21795497
2024-11-25,USA,RMG,ANDROID,$166.74,$730.86,596764,4557050
2024-11-25,USA,,IOS,$173.95,$281.01,677311,7869468
2024-11-25,USA,Sportsbetting,ANDROID,"$1,315.02","$1,315.02",1920552,4765560
2024-11-25,USA,,IOS,$381.04,$493.62,4079779,21795497
2024-11-26,USA,RMG,ANDROID,$152.41,"$2,120.38",652078,4557050
2024-11-26,USA,,IOS,$229.85,$572.55,711161,7869468
2024-11-26,USA,Sportsbetting,ANDROID,$865.01,$865.01,1728046,4765560
2024-11-26,USA,,IOS,$444.50,$439.18,3670415,21795497
2024-11-27,USA,RMG,ANDROID,$206.19,"$1,169.98",649606,4557050
2024-11-27,USA,,IOS,$247.00,$733.51,761925,7869468
2024-11-27,USA,Sportsbetting,ANDROID,$487.39,$487.39,1580475,4765560
2024-11-27,USA,,IOS,$394.92,$469.72,3420724,21795497
2024-11-28,USA,RMG,ANDROID,$184.96,$957.94,632466,4557050
2024-11-28,USA,,IOS,$222.67,$874.70,1037640,7869468
2024-11-28,USA,Sportsbetting,ANDROID,$253.29,$238.55,2044926,4765560
2024-11-28,USA,,IOS,$959.72,$976.35,3970663,21795497
2024-11-29,USA,RMG,ANDROID,$152.78,$241.51,614921,4557050
2024-11-29,USA,,IOS,$333.71,"$1,288.78",726624,7869468
2024-11-29,USA,Sportsbetting,ANDROID,$470.99,$470.99,1647106,4765560
2024-11-29,USA,,IOS,"$1,221.76","$1,263.34",3951358,21795497
2024-11-30,USA,RMG,ANDROID,$172.50,$652.50,644296,4557050
2024-11-30,USA,,IOS,$213.57,$387.76,810674,7869468
2024-11-30,USA,Sportsbetting,ANDROID,$245.10,$245.10,1539206,4765560
2024-11-30,USA,,IOS,$381.80,$406.73,4287422,21795497
2024-12-01,USA,RMG,ANDROID,$169.73,$524.92,634974,4557050
2024-12-01,USA,,IOS,$209.69,$455.51,860915,7869468
2024-12-01,USA,Sportsbetting,ANDROID,$118.55,$118.55,2262090,4765560
2024-12-01,USA,,IOS,$840.89,$898.77,4578130,21795497
2024-12-02,USA,RMG,ANDROID,$180.87,$855.70,606816,4557050
2024-12-02,USA,,IOS,$266.63,$983.55,747459,7869468
2024-12-02,USA,Sportsbetting,ANDROID,$216.49,$216.49,1809382,4765560
2024-12-02,USA,,IOS,$880.92,$941.07,4031465,21795497
2024-12-03,USA,RMG,ANDROID,$209.36,$629.77,661522,4557050
2024-12-03,USA,,IOS,$249.72,$682.22,794782,7869468
2024-12-03,USA,Sportsbetting,ANDROID,"$1,101.22","$1,101.22",1613169,4765560
2024-12-03,USA,,IOS,$347.74,$420.99,3563571,21795497
2024-12-04,USA,RMG,ANDROID,$232.50,"$1,531.55",662746,4557050
2024-12-04,USA,,IOS,$239.93,$819.25,854887,7869468
2024-12-04,USA,Sportsbetting,ANDROID,$453.39,$453.39,1470755,4765560
2024-12-04,USA,,IOS,$376.10,$430.29,3416552,21795497
2024-12-05,USA,RMG,ANDROID,$210.61,$755.37,637784,4557050
2024-12-05,USA,,IOS,$228.52,$981.51,885532,7869468
2024-12-05,USA,Sportsbetting,ANDROID,$451.51,$451.51,1863531,4765560
2024-12-05,USA,,IOS,$340.07,$444.03,3786461,21795497
2024-12-06,USA,RMG,ANDROID,$170.84,$389.65,624685,4557050
2024-12-06,USA,,IOS,$267.36,$893.57,812249,7869468
2024-12-06,USA,Sportsbetting,ANDROID,$775.25,$775.25,1487757,4765560
2024-12-06,USA,,IOS,$266.54,$421.29,3725765,21795497
2024-12-07,USA,RMG,ANDROID,$194.34,$560.81,651001,4557050
2024-12-07,USA,,IOS,$313.15,"$1,083.07",886439,7869468
2024-12-07,USA,Sportsbetting,ANDROID,$876.77,$876.77,1393748,4765560
2024-12-07,USA,,IOS,$230.02,$341.05,3630797,21795497
2024-12-08,USA,RMG,ANDROID,$154.97,$597.35,641632,4557050
2024-12-08,USA,,IOS,$298.82,"$1,185.67",1014098,7869468
2024-12-08,USA,Sportsbetting,ANDROID,$461.33,$461.33,2196817,4765560
2024-12-08,USA,,IOS,$562.04,$629.38,4200046,21795497
2024-12-09,USA,RMG,ANDROID,$193.64,$681.09,605977,4557050
2024-12-09,USA,,IOS,$225.46,"$1,051.91",885069,7869468
2024-12-09,USA,Sportsbetting,ANDROID,$144.22,$144.22,1745563,4765560
2024-12-09,USA,,IOS,$223.72,$310.77,3910238,21795497
2024-12-10,USA,RMG,ANDROID,$186.24,"$1,547.01",665204,4557050
2024-12-10,USA,,IOS,$230.91,$749.95,939888,7869468
2024-12-10,USA,Sportsbetting,ANDROID,$940.26,$940.26,1577675,4765560
2024-12-10,USA,,IOS,$226.01,$306.85,3368676,21795497
2024-12-11,USA,RMG,ANDROID,$188.61,$896.52,662057,4557050
2024-12-11,USA,,IOS,$252.54,$698.06,1034564,7869468
2024-12-11,USA,Sportsbetting,ANDROID,$855.35,$855.35,1426370,4765560
2024-12-11,USA,,IOS,$299.08,$364.46,3237875,21795497
2024-12-12,USA,RMG,ANDROID,$166.96,$573.49,652067,4557050
2024-12-12,USA,,IOS,$293.07,"$1,196.17",1078271,7869468
2024-12-12,USA,Sportsbetting,ANDROID,,,1806333,4765560
2024-12-12,USA,,IOS,$397.69,$634.29,3597857,21795497
2024-12-13,USA,RMG,ANDROID,$148.34,$676.04,632514,4557050
2024-12-13,USA,,IOS,$268.15,$768.06,990995,7869468
2024-12-13,USA,Sportsbetting,ANDROID,$449.74,$449.74,1441291,4765560
2024-12-13,USA,,IOS,$277.49,$428.95,3521720,21795497
2024-12-14,USA,RMG,ANDROID,$185.25,$501.22,665349,4557050
2024-12-14,USA,,IOS,$275.56,$661.65,1088401,7869468
2024-12-14,USA,Sportsbetting,ANDROID,$657.15,$657.15,1355477,4765560
2024-12-14,USA,,IOS,$262.37,$342.77,3441939,21795497
2024-12-15,USA,RMG,ANDROID,$129.47,$323.35,708071,4557050
2024-12-15,USA,,IOS,$327.74,"$1,437.94",1117970,7869468
2024-12-15,USA,Sportsbetting,ANDROID,$337.73,$337.73,2210772,4765560
2024-12-15,USA,,IOS,$310.61,$449.80,3962879,21795497
2024-12-16,USA,RMG,ANDROID,$136.90,$612.01,675334,4557050
2024-12-16,USA,,IOS,$322.53,$856.28,973880,7869468
2024-12-16,USA,Sportsbetting,ANDROID,$709.68,$709.68,1747986,4765560
2024-12-16,USA,,IOS,$332.22,$397.50,3526673,21795497
2024-12-17,USA,RMG,ANDROID,$168.31,$583.64,735258,4557050
2024-12-17,USA,,IOS,$244.55,$921.85,1036422,7869468
2024-12-17,USA,Sportsbetting,ANDROID,$361.51,$361.51,1585137,4765560
2024-12-17,USA,,IOS,$255.02,$353.91,3237915,21795497
2024-12-18,USA,RMG,ANDROID,$131.72,$555.61,752476,4557050
2024-12-18,USA,,IOS,$243.94,$385.13,1145531,7869468
2024-12-18,USA,Sportsbetting,ANDROID,,,1420948,4765560
2024-12-18,USA,,IOS,$309.31,$426.75,3091305,21795497
2024-12-19,USA,RMG,ANDROID,$156.18,$832.28,718084,4557050
2024-12-19,USA,,IOS,$255.34,$473.89,1155860,7869468
2024-12-19,USA,Sportsbetting,ANDROID,$463.26,$463.26,1809530,4765560
2024-12-19,USA,,IOS,$406.74,$596.32,3510893,21795497
2024-12-20,USA,RMG,ANDROID,$153.39,$802.91,699800,4557050
2024-12-20,USA,,IOS,$261.57,$614.32,1114523,7869468
2024-12-20,USA,Sportsbetting,ANDROID,$358.65,$358.65,1437730,4765560
2024-12-20,USA,,IOS,$254.94,$307.15,3235045,21795497
2024-12-21,USA,RMG,ANDROID,$127.06,$478.71,749237,4557050
2024-12-21,USA,,IOS,$315.25,"$1,320.47",1245519,7869468
2024-12-21,USA,Sportsbetting,ANDROID,$484.78,$484.78,1359160,4765560
2024-12-21,USA,,IOS,$262.90,$363.46,3322422,21795497
2024-12-22,USA,RMG,ANDROID,$116.63,$453.75,934691,4557050
2024-12-22,USA,,IOS,$300.85,"$1,152.80",1998696,7869468
2024-12-22,USA,Sportsbetting,ANDROID,$532.19,$532.19,2157677,4765560
2024-12-22,USA,,IOS,$272.89,$396.24,4164459,21795497
2024-12-23,USA,RMG,ANDROID,$163.50,$686.79,884934,4557050
2024-12-23,USA,,IOS,$222.33,$514.39,1707225,7869468
2024-12-23,USA,Sportsbetting,ANDROID,$272.95,$272.95,1698550,4765560
2024-12-23,USA,,IOS,$360.91,$515.94,3727174,21795497
2024-12-24,USA,RMG,ANDROID,$159.84,"$2,248.42",992502,4557050
2024-12-24,USA,,IOS,$241.22,$653.31,1824710,7869468
2024-12-24,USA,Sportsbetting,ANDROID,$606.67,$606.67,1538964,4765560
2024-12-24,USA,,IOS,$336.89,$458.46,3371835,21795497
2024-12-25,USA,RMG,ANDROID,$170.75,$969.59,1012260,4557050
2024-12-25,USA,,IOS,$279.66,$749.89,2255453,7869468
2024-12-25,USA,Sportsbetting,ANDROID,$348.47,$348.47,1388161,4765560
2024-12-25,USA,,IOS,$221.53,$286.45,3280048,21795497
2024-12-26,USA,RMG,ANDROID,$157.77,$977.87,958364,4557050
2024-12-26,USA,,IOS,$257.94,$735.35,2191381,7869468
2024-12-26,USA,Sportsbetting,ANDROID,$516.88,$516.88,1755732,4765560
2024-12-26,USA,,IOS,$331.04,$495.84,3764605,21795497
2024-12-27,USA,RMG,ANDROID,$162.48,$776.21,956893,4557050
2024-12-27,USA,,IOS,$217.60,$600.37,2063255,7869468
2024-12-27,USA,Sportsbetting,ANDROID,$837.21,$837.21,1401014,4765560
2024-12-27,USA,,IOS,$293.25,$454.90,3390190,21795497
2024-12-28,USA,RMG,ANDROID,$123.19,$638.02,1024603,4557050
2024-12-28,USA,,IOS,$232.09,$399.58,2487302,7869468
2024-12-28,USA,Sportsbetting,ANDROID,$725.41,$640.90,1363918,4765560
2024-12-28,USA,,IOS,$231.26,$306.14,3446752,21795497
2024-12-29,USA,RMG,ANDROID,$141.66,$810.41,798529,4557050
2024-12-29,USA,,IOS,$204.86,$727.87,1661486,7869468
2024-12-29,USA,Sportsbetting,ANDROID,$472.00,$472.00,1794204,4765560
2024-12-29,USA,,IOS,$269.69,$406.46,4154411,21795497
2024-12-30,USA,RMG,ANDROID,$141.94,$673.37,756593,4557050
2024-12-30,USA,,IOS,$277.01,"$1,295.39",1340956,7869468
2024-12-30,USA,Sportsbetting,ANDROID,"$1,617.19","$1,617.19",1415055,4765560
2024-12-30,USA,,IOS,$346.79,$500.38,3560745,21795497
2024-12-31,USA,RMG,ANDROID,$131.01,$698.17,863436,4557050
2024-12-31,USA,,IOS,$201.54,$366.66,1413446,7869468
2024-12-31,USA,Sportsbetting,ANDROID,$337.73,$337.73,1272965,4765560
2024-12-31,USA,,IOS,$235.41,$295.97,3298851,21795497
2025-01-01,USA,RMG,ANDROID,$149.53,$593.37,884505,4557050
2025-01-01,USA,,IOS,$269.90,$832.92,1656183,7869468
2025-01-01,USA,Sportsbetting,ANDROID,$411.24,$411.24,1192698,4765560
2025-01-01,USA,,IOS,$358.43,$473.34,3216955,21795497
2025-01-02,USA,RMG,ANDROID,$154.80,$853.98,825004,4557050
2025-01-02,USA,,IOS,$273.61,$919.14,1637858,7869468
2025-01-02,USA,Sportsbetting,ANDROID,$335.01,$335.01,1451503,4765560
2025-01-02,USA,,IOS,$267.35,$323.91,3715729,21795497
2025-01-03,USA,RMG,ANDROID,$165.74,$784.59,843992,4557050
2025-01-03,USA,,IOS,$252.25,$579.30,1522857,7869468
2025-01-03,USA,Sportsbetting,ANDROID,$133.42,$133.42,1184038,4765560
2025-01-03,USA,,IOS,$472.91,$696.23,3541169,21795497
2025-01-04,USA,RMG,ANDROID,$185.21,$842.05,903080,4557050
2025-01-04,USA,,IOS,$218.80,$531.07,1796304,7869468
2025-01-04,USA,Sportsbetting,ANDROID,$171.85,$171.85,1203546,4765560
2025-01-04,USA,,IOS,$307.25,$428.39,3804304,21795497
2025-01-05,USA,RMG,ANDROID,$129.57,$541.26,719588,4557050
2025-01-05,USA,,IOS,$245.24,$629.69,1185166,7869468
2025-01-05,USA,Sportsbetting,ANDROID,$430.78,$430.78,1311894,4765560
2025-01-05,USA,,IOS,$227.96,$252.47,3531760,21795497
2025-01-06,USA,RMG,ANDROID,$210.24,"$1,284.11",675380,4557050
2025-01-06,USA,,IOS,$274.82,"$1,141.40",978556,7869468
2025-01-06,USA,Sportsbetting,ANDROID,$410.46,$410.46,1050375,4765560
2025-01-06,USA,,IOS,$171.43,$66.80,3089697,21795497
2025-01-07,USA,RMG,ANDROID,$221.71,"$1,644.55",760493,4557050
2025-01-07,USA,,IOS,$249.98,$668.90,1027332,7869468
2025-01-07,USA,Sportsbetting,ANDROID,$221.39,$221.39,942904,4765560
2025-01-07,USA,,IOS,$503.53,$557.05,2815564,21795497
2025-01-08,USA,RMG,ANDROID,$138.91,$215.62,781051,4557050
2025-01-08,USA,,IOS,$228.58,$356.09,1149520,7869468
2025-01-08,USA,Sportsbetting,ANDROID,$419.98,$419.98,897624,4765560
2025-01-08,USA,,IOS,$420.98,$368.98,2690394,21795497
2025-01-09,USA,RMG,ANDROID,$160.24,"$1,255.15",736144,4557050
2025-01-09,USA,,IOS,$293.35,$299.89,1159881,7869468
2025-01-09,USA,Sportsbetting,ANDROID,$362.04,$362.04,1060785,4765560
2025-01-09,USA,,IOS,$249.06,$249.95,2955218,21795497
2025-01-10,USA,RMG,ANDROID,$178.09,$739.70,737358,4557050
2025-01-10,USA,,IOS,$250.64,$195.85,1059078,7869468
2025-01-10,USA,Sportsbetting,ANDROID,$319.96,$319.96,898232,4765560
2025-01-10,USA,,IOS,$345.32,$291.90,3011422,21795497
2025-01-11,USA,RMG,ANDROID,$147.32,$449.10,791376,4557050
2025-01-11,USA,,IOS,$242.16,$357.67,1205128,7869468
2025-01-11,USA,Sportsbetting,ANDROID,$396.47,$396.47,941437,4765560
2025-01-11,USA,,IOS,$404.16,$445.87,3308987,21795497
2025-01-12,USA,RMG,ANDROID,$115.26,$260.56,714247,4557050
2025-01-12,USA,,IOS,$261.10,$262.11,1151874,7869468
2025-01-12,USA,Sportsbetting,ANDROID,$588.89,$588.89,1158305,4765560
2025-01-12,USA,,IOS,$286.56,$252.77,3640701,21795497
2025-01-13,USA,RMG,ANDROID,$129.26,$400.70,667918,4557050
2025-01-13,USA,,IOS,$263.40,$549.30,935001,7869468
2025-01-13,USA,Sportsbetting,ANDROID,$123.86,$123.86,930254,4765560
2025-01-13,USA,,IOS,$294.00,$181.17,3120789,21795497
2025-01-14,USA,RMG,ANDROID,$146.31,$399.57,748594,4557050
2025-01-14,USA,,IOS,$271.39,$312.71,988096,7869468
2025-01-14,USA,Sportsbetting,IOS,$225.13,$82.89,2836888,21795497
2025-01-15,USA,RMG,ANDROID,$149.41,$565.34,765236,4557050
2025-01-15,USA,,IOS,$373.62,$289.55,1049376,7869468
2025-01-15,USA,Sportsbetting,IOS,$314.55,$146.01,2603114,21795497
2025-01-16,USA,RMG,ANDROID,$119.70,$425.24,733715,4557050
2025-01-16,USA,,IOS,$290.09,$599.41,1066535,7869468
2025-01-16,USA,Sportsbetting,IOS,$211.11,$88.46,2820379,21795497
2025-01-17,USA,RMG,ANDROID,$167.49,$246.81,731114,4557050
2025-01-17,USA,,IOS,$334.54,$393.40,992699,7869468
2025-01-17,USA,Sportsbetting,IOS,$265.54,$218.77,3048736,21795497
2025-01-18,USA,RMG,ANDROID,$173.86,$861.37,790546,4557050
2025-01-18,USA,,IOS,$244.97,$201.02,1138385,7869468
2025-01-18,USA,Sportsbetting,IOS,$126.97,$132.40,3615972,21795497
2025-01-19,USA,RMG,ANDROID,$163.78,$927.73,687925,4557050
2025-01-19,USA,,IOS,$239.95,$447.84,1024659,7869468
2025-01-19,USA,Sportsbetting,IOS,$120.41,$89.67,3199740,21795497
2025-01-20,USA,RMG,ANDROID,$125.20,$550.82,639674,4557050
2025-01-20,USA,,IOS,$273.28,$317.73,859967,7869468
2025-01-20,USA,Sportsbetting,IOS,$191.02,$95.34,2816088,21795497
2025-01-21,USA,RMG,ANDROID,$138.01,$665.18,699577,4557050
2025-01-21,USA,,IOS,$292.01,$281.14,912377,7869468
2025-01-21,USA,Sportsbetting,IOS,$165.11,$93.26,2534925,21795497
2025-01-22,USA,RMG,ANDROID,$174.36,$398.95,722400,4557050
2025-01-22,USA,,IOS,$271.18,$188.11,988724,7869468
2025-01-22,USA,Sportsbetting,IOS,$454.14,$110.78,2299234,21795497
2025-01-23,USA,RMG,ANDROID,$139.11,$471.19,693003,4557050
2025-01-23,USA,,IOS,$286.35,$561.85,1006592,7869468
2025-01-23,USA,Sportsbetting,IOS,$237.48,$143.19,2572841,21795497
2025-01-24,USA,RMG,ANDROID,$119.80,$228.40,697387,4557050
2025-01-24,USA,,IOS,$395.88,$487.17,937173,7869468
2025-01-24,USA,Sportsbetting,IOS,$231.65,$92.17,2562747,21795497
2025-01-25,USA,RMG,ANDROID,$175.09,$795.29,735096,4557050
2025-01-25,USA,,IOS,$299.75,$550.34,1085439,7869468
2025-01-25,USA,Sportsbetting,IOS,$232.81,$187.61,3014531,21795497
2025-01-26,USA,RMG,ANDROID,$139.26,$522.96,669642,4557050
2025-01-26,USA,,IOS,$279.45,$235.52,925411,7869468
2025-01-26,USA,Sportsbetting,IOS,$175.21,$109.80,3171029,21795497
2025-01-27,USA,RMG,ANDROID,$137.76,$643.25,619646,4557050
2025-01-27,USA,,IOS,$296.98,$433.15,772452,7869468
2025-01-27,USA,Sportsbetting,IOS,$258.32,$152.02,2762857,21795497
2025-01-28,USA,RMG,ANDROID,$148.67,$262.58,666471,4557050
2025-01-28,USA,,IOS,$269.69,$349.07,816872,7869468
2025-01-28,USA,Sportsbetting,IOS,$186.82,$44.55,2484961,21795497
2025-01-29,USA,RMG,ANDROID,$194.95,$696.15,687082,4557050
2025-01-29,USA,,IOS,$527.61,$560.56,892489,7869468
2025-01-29,USA,Sportsbetting,IOS,$217.78,$206.72,2337778,21795497
2025-01-30,USA,RMG,ANDROID,$155.73,$249.05,664402,4557050
2025-01-30,USA,,IOS,$374.90,$532.17,903456,7869468
2025-01-30,USA,Sportsbetting,IOS,$203.85,$101.51,2576157,21795497
2025-01-31,USA,RMG,ANDROID,$135.49,$381.30,664414,4557050
2025-01-31,USA,,IOS,$359.88,$327.99,846641,7869468
2025-01-31,USA,Sportsbetting,IOS,$330.95,$235.18,2496699,21795497
2025-02-01,USA,RMG,ANDROID,$132.89,$381.43,704788,4557050
2025-02-01,USA,,IOS,$317.91,$518.37,1003959,7869468
2025-02-01,USA,Sportsbetting,IOS,"$1,238.84","$1,253.58",3250150,21795497
2025-02-02,USA,RMG,ANDROID,$100.96,$315.12,675832,4557050
2025-02-02,USA,,IOS,$313.73,$215.63,921343,7869468
2025-02-02,USA,Sportsbetting,IOS,"$1,266.85","$1,255.58",2818670,21795497
2025-02-03,USA,RMG,ANDROID,$117.45,$366.16,620180,4557050
2025-02-03,USA,,IOS,$331.46,$526.33,773602,7869468
2025-02-03,USA,Sportsbetting,IOS,$195.83,$169.97,2414599,21795497
2025-02-04,USA,RMG,ANDROID,$132.20,$455.52,666329,4557050
2025-02-04,USA,,IOS,$294.18,$380.33,826444,7869468
2025-02-04,USA,Sportsbetting,IOS,$386.23,$377.00,2216011,21795497
2025-02-05,USA,RMG,ANDROID,$140.28,"$1,488.72",693218,4557050
2025-02-05,USA,,IOS,$291.81,$449.73,903029,7869468
2025-02-05,USA,Sportsbetting,IOS,$232.48,$196.01,2190454,21795497
2025-02-06,USA,RMG,ANDROID,$128.61,$817.57,668333,4557050
2025-02-06,USA,,IOS,$246.46,$263.22,917139,7869468
2025-02-06,USA,Sportsbetting,IOS,$404.06,$403.12,2523746,21795497
2025-02-07,USA,RMG,ANDROID,$127.00,$277.48,665253,4557050
2025-02-07,USA,,IOS,$299.59,$359.36,862691,7869468
2025-02-07,USA,Sportsbetting,IOS,$294.77,$282.86,2385702,21795497
2025-02-08,USA,RMG,ANDROID,$134.89,$253.80,711210,4557050
2025-02-08,USA,,IOS,$283.26,$651.97,1009949,7869468
2025-02-08,USA,Sportsbetting,IOS,$456.97,$415.69,3042591,21795497
2025-02-09,USA,RMG,ANDROID,$115.48,$302.57,652133,4557050
2025-02-09,USA,,IOS,$264.61,$682.59,808659,7869468
2025-02-09,USA,Sportsbetting,IOS,$390.65,$367.18,3330471,21795497
2025-02-10,USA,RMG,ANDROID,$139.95,$377.08,610394,4557050
2025-02-10,USA,,IOS,$268.90,$261.29,695550,7869468
2025-02-10,USA,Sportsbetting,IOS,$321.92,$264.28,2761995,21795497
2025-02-11,USA,RMG,ANDROID,$117.18,$392.01,652804,4557050
2025-02-11,USA,,IOS,$261.19,$538.16,745419,7869468
2025-02-11,USA,Sportsbetting,IOS,$214.89,$296.41,2567346,21795497
2025-02-12,USA,RMG,ANDROID,$129.04,$287.41,676490,4557050
2025-02-12,USA,,IOS,$272.24,$693.02,804828,7869468
2025-02-12,USA,Sportsbetting,IOS,$202.27,$151.10,2606173,21795497
2025-02-13,USA,RMG,ANDROID,$136.40,$299.96,650774,4557050
2025-02-13,USA,,IOS,$239.91,$297.99,820322,7869468
2025-02-13,USA,Sportsbetting,IOS,$228.54,$209.19,2838235,21795497
2025-02-14,USA,RMG,ANDROID,$137.40,$300.31,647782,4557050
2025-02-14,USA,,IOS,$261.59,$282.06,792493,7869468
2025-02-14,USA,Sportsbetting,IOS,$340.56,$389.67,2793286,21795497
2025-02-15,USA,RMG,ANDROID,$168.42,$281.48,680968,4557050
2025-02-15,USA,,IOS,$265.01,$461.93,901404,7869468
2025-02-15,USA,Sportsbetting,IOS,$447.48,$396.22,3511669,21795497
2025-02-16,USA,RMG,ANDROID,$134.92,$169.92,669233,4557050
2025-02-16,USA,,IOS,$255.26,$210.74,795702,7869468
2025-02-16,USA,Sportsbetting,IOS,$356.77,$333.47,3005427,21795497
2025-02-17,USA,RMG,ANDROID,$140.90,$413.81,619698,4557050
2025-02-17,USA,,IOS,$266.18,$385.37,682265,7869468
2025-02-17,USA,Sportsbetting,IOS,$389.88,$366.44,2441978,21795497
2025-02-18,USA,RMG,ANDROID,$127.92,$524.00,661548,4557050
2025-02-18,USA,,IOS,$243.40,$280.02,726382,7869468
2025-02-18,USA,Sportsbetting,IOS,$516.04,$265.12,2233181,21795497
2025-02-19,USA,RMG,ANDROID,$155.30,$314.55,681667,4557050
2025-02-19,USA,,IOS,$265.27,$614.63,777318,7869468
2025-02-19,USA,Sportsbetting,IOS,$367.18,$222.90,2317041,21795497
2025-02-20,USA,RMG,ANDROID,$172.00,$824.91,661493,4557050
2025-02-20,USA,,IOS,$256.58,$239.24,798983,7869468
2025-02-20,USA,Sportsbetting,IOS,$781.01,$375.62,2619610,21795497
2025-02-21,USA,RMG,ANDROID,$167.02,$656.81,651970,4557050
2025-02-21,USA,,IOS,$252.43,$445.12,778943,7869468
2025-02-21,USA,Sportsbetting,IOS,$657.21,$306.17,2512208,21795497
2025-02-22,USA,RMG,ANDROID,$146.13,$360.87,698309,4557050
2025-02-22,USA,,IOS,$252.66,$750.31,882926,7869468
2025-02-22,USA,Sportsbetting,IOS,$472.72,$371.06,3032038,21795497
2025-02-23,USA,RMG,ANDROID,$144.46,$381.03,683261,4557050
2025-02-23,USA,,IOS,$239.77,$187.94,833888,7869468
2025-02-23,USA,Sportsbetting,IOS,$556.63,$246.54,2519773,21795497
2025-02-24,USA,RMG,ANDROID,$120.29,$844.79,626438,4557050
2025-02-24,USA,,IOS,$268.28,$398.51,712292,7869468
2025-02-24,USA,Sportsbetting,IOS,$872.59,$729.94,2221682,21795497
2025-02-25,USA,RMG,ANDROID,$122.50,$164.14,669589,4557050
2025-02-25,USA,,IOS,$271.93,$561.35,751972,7869468
2025-02-25,USA,Sportsbetting,IOS,"$1,206.87",$259.11,2003213,21795497
2025-02-26,USA,RMG,ANDROID,$126.17,$339.71,681855,4557050
2025-02-26,USA,,IOS,$274.38,$394.82,794689,7869468
2025-02-26,USA,Sportsbetting,IOS,$733.99,$365.67,2077194,21795497
2025-02-27,USA,RMG,ANDROID,$143.47,$941.10,674743,4557050
2025-02-27,USA,,IOS,$278.01,$318.92,828760,7869468
2025-02-27,USA,Sportsbetting,IOS,$336.32,$217.65,2243937,21795497
2025-02-28,USA,RMG,ANDROID,$137.01,$127.45,664826,4557050
2025-02-28,USA,,IOS,$270.65,$396.49,805568,7869468
2025-02-28,USA,Sportsbetting,IOS,$901.65,$374.22,2078946,21795497
2025-03-01,USA,RMG,ANDROID,$119.87,$569.03,702782,4557050
2025-03-01,USA,,IOS,$294.75,$253.43,887019,7869468
2025-03-01,USA,Sportsbetting,ANDROID,,,730767,4765560
2025-03-01,USA,,IOS,"$1,102.23",$234.79,2348339,21795497
2025-03-02,USA,RMG,ANDROID,$190.04,"$2,321.86",701263,4557050
2025-03-02,USA,,IOS,$259.90,$280.81,848785,7869468
2025-03-02,USA,Sportsbetting,ANDROID,,,955302,4765560
2025-03-02,USA,,IOS,$861.62,$240.75,2626663,21795497
2025-03-03,USA,RMG,ANDROID,$143.48,,650926,4557050
2025-03-03,USA,,IOS,$294.12,$749.17,708594,7869468
2025-03-03,USA,Sportsbetting,ANDROID,,,736459,4765560
2025-03-03,USA,,IOS,$458.07,$381.23,2417712,21795497
2025-03-04,USA,RMG,ANDROID,$133.53,$403.92,687355,4557050
2025-03-04,USA,,IOS,$268.77,$365.07,751183,7869468
2025-03-04,USA,Sportsbetting,ANDROID,,,646598,4765560
2025-03-04,USA,,IOS,$542.45,$288.64,2274090,21795497
2025-03-05,USA,RMG,ANDROID,$113.77,$402.93,699098,4557050
2025-03-05,USA,,IOS,$258.27,$378.13,803595,7869468
2025-03-05,USA,Sportsbetting,ANDROID,$225.33,$225.33,647928,4765560
2025-03-05,USA,,IOS,$316.77,$400.40,2316899,21795497
2025-03-06,USA,RMG,ANDROID,$148.77,$316.79,694932,4557050
2025-03-06,USA,,IOS,$275.01,$409.71,833561,7869468
2025-03-06,USA,Sportsbetting,ANDROID,,,672008,4765560
2025-03-06,USA,,IOS,$419.27,$432.96,2524136,21795497
2025-03-07,USA,RMG,ANDROID,$142.27,$558.84,687288,4557050
2025-03-07,USA,,IOS,$271.57,$350.40,805737,7869468
2025-03-07,USA,Sportsbetting,ANDROID,,,623601,4765560
2025-03-07,USA,,IOS,$302.71,$408.19,2306657,21795497
2025-03-08,USA,RMG,ANDROID,$138.60,"$1,158.83",719922,4557050
2025-03-08,USA,,IOS,$272.16,$244.92,889074,7869468
2025-03-08,USA,Sportsbetting,ANDROID,"$1,586.15","$1,586.15",733124,4765560
2025-03-08,USA,,IOS,$221.43,$600.64,2764474,21795497
2025-03-09,USA,RMG,ANDROID,$137.76,$358.47,690013,4557050
2025-03-09,USA,,IOS,$273.09,$779.48,905319,7869468
2025-03-09,USA,Sportsbetting,ANDROID,$476.09,$476.09,955881,4765560
2025-03-09,USA,,IOS,$174.36,$381.17,2300477,21795497
2025-03-10,USA,RMG,ANDROID,$148.25,$620.14,636250,4557050
2025-03-10,USA,,IOS,$266.35,$479.38,756830,7869468
2025-03-10,USA,Sportsbetting,ANDROID,$234.57,$234.57,745328,4765560
2025-03-10,USA,,IOS,$208.27,$327.92,2128133,21795497
2025-03-11,USA,RMG,ANDROID,$168.63,$883.54,686067,4557050
2025-03-11,USA,,IOS,$255.37,$569.38,802707,7869468
2025-03-11,USA,Sportsbetting,ANDROID,,,658474,4765560
2025-03-11,USA,,IOS,$235.35,$446.01,2079352,21795497
2025-03-12,USA,RMG,ANDROID,$164.77,$382.37,688569,4557050
2025-03-12,USA,,IOS,$242.18,$330.20,854733,7869468
2025-03-12,USA,Sportsbetting,ANDROID,,,661240,4765560
2025-03-12,USA,,IOS,$243.66,$494.62,1992299,21795497
2025-03-13,USA,RMG,ANDROID,$181.38,$879.84,688076,4557050
2025-03-13,USA,,IOS,$384.19,$447.19,894381,7869468
2025-03-13,USA,Sportsbetting,ANDROID,$357.30,$357.30,667951,4765560
2025-03-13,USA,,IOS,$249.11,$871.32,2099679,21795497
2025-03-14,USA,RMG,ANDROID,$157.48,$774.34,677354,4557050
2025-03-14,USA,,IOS,$286.57,$889.70,863438,7869468
2025-03-14,USA,Sportsbetting,ANDROID,,,634288,4765560
2025-03-14,USA,,IOS,$176.70,$618.89,2128027,21795497
2025-03-15,USA,RMG,ANDROID,$160.85,"$1,002.43",708707,4557050
2025-03-15,USA,,IOS,$281.80,$540.86,935782,7869468
2025-03-15,USA,Sportsbetting,ANDROID,$793.82,$793.82,757517,4765560
2025-03-15,USA,,IOS,$162.62,$551.50,2254610,21795497
2025-03-16,USA,RMG,ANDROID,$171.86,$682.48,692864,4557050
2025-03-16,USA,,IOS,$306.82,$531.74,919717,7869468
2025-03-16,USA,Sportsbetting,ANDROID,$106.71,$106.71,1017585,4765560
2025-03-16,USA,,IOS,$288.52,$337.57,2705380,21795497
2025-03-17,USA,RMG,ANDROID,$171.12,"$3,332.63",643548,4557050
2025-03-17,USA,,IOS,$213.51,$328.97,769246,7869468
2025-03-17,USA,Sportsbetting,ANDROID,$48.97,$48.97,803615,4765560
2025-03-17,USA,,IOS,$288.72,$688.43,2471987,21795497
2025-03-18,USA,RMG,ANDROID,$164.17,"$1,170.96",683095,4557050
2025-03-18,USA,,IOS,$230.64,$307.50,797187,7869468
2025-03-18,USA,Sportsbetting,ANDROID,,,712430,4765560
2025-03-18,USA,,IOS,$290.31,$631.31,2478851,21795497
2025-03-19,USA,RMG,ANDROID,$176.89,$576.70,682966,4557050
2025-03-19,USA,,IOS,$277.30,$564.56,848707,7869468
2025-03-19,USA,Sportsbetting,ANDROID,$184.40,$184.40,725217,4765560
2025-03-19,USA,,IOS,$322.79,$511.19,2267165,21795497
2025-03-20,USA,RMG,ANDROID,$166.98,"$1,740.46",692635,4557050
2025-03-20,USA,,IOS,$285.37,$686.74,889490,7869468
2025-03-20,USA,Sportsbetting,ANDROID,,,711219,4765560
2025-03-20,USA,,IOS,$234.39,$623.74,2353551,21795497
2025-03-21,USA,RMG,ANDROID,$145.80,"$1,142.51",676736,4557050
2025-03-21,USA,,IOS,$233.37,$367.68,860257,7869468
2025-03-21,USA,Sportsbetting,ANDROID,$211.04,$211.04,683562,4765560
2025-03-21,USA,,IOS,$291.29,$449.87,2563320,21795497
2025-03-22,USA,RMG,ANDROID,$147.91,$279.82,703712,4557050
2025-03-22,USA,,IOS,$273.11,$259.89,942519,7869468
2025-03-22,USA,Sportsbetting,ANDROID,,,804347,4765560
2025-03-22,USA,,IOS,$325.24,$738.80,2688046,21795497
2025-03-23,USA,RMG,ANDROID,$122.96,$610.01,746919,4557050
2025-03-23,USA,,IOS,$259.98,$463.44,908768,7869468
2025-03-23,USA,Sportsbetting,ANDROID,,,978348,4765560
2025-03-23,USA,,IOS,$453.37,"$1,464.61",2658527,21795497
2025-03-24,USA,RMG,ANDROID,$207.13,,691921,4557050
2025-03-24,USA,,IOS,$269.42,$619.99,770304,7869468
2025-03-24,USA,Sportsbetting,ANDROID,,,796333,4765560
2025-03-24,USA,,IOS,$333.96,$767.03,2433975,21795497
2025-03-25,USA,RMG,ANDROID,$149.06,$548.08,717296,4557050
2025-03-25,USA,,IOS,$272.83,$509.13,789190,7869468
2025-03-25,USA,Sportsbetting,ANDROID,$104.59,$104.59,705864,4765560
2025-03-25,USA,,IOS,$263.13,$636.74,2364188,21795497
2025-03-26,USA,RMG,ANDROID,$155.86,$800.96,709761,4557050
2025-03-26,USA,,IOS,$272.92,$327.60,842488,7869468
2025-03-26,USA,Sportsbetting,ANDROID,,,688334,4765560
2025-03-26,USA,,IOS,$319.24,$693.66,2006738,21795497
2025-03-27,USA,RMG,ANDROID,$187.48,"$2,033.78",733841,4557050
2025-03-27,USA,,IOS,$311.12,$428.08,890579,7869468
2025-03-27,USA,Sportsbetting,ANDROID,$725.71,$725.71,699328,4765560
2025-03-27,USA,,IOS,$205.19,$709.49,2159063,21795497
2025-03-28,USA,RMG,ANDROID,$167.70,$828.88,703611,4557050
2025-03-28,USA,,IOS,$373.95,$518.33,839888,7869468
2025-03-28,USA,Sportsbetting,ANDROID,,,685078,4765560
2025-03-28,USA,,IOS,$520.31,$949.70,2466841,21795497
2025-03-29,USA,RMG,ANDROID,$154.19,$512.92,721200,4557050
2025-03-29,USA,,IOS,$258.42,$240.74,920821,7869468
2025-03-29,USA,Sportsbetting,ANDROID,$877.41,$877.41,776614,4765560
2025-03-29,USA,,IOS,$293.06,$990.03,2368913,21795497
2025-03-30,USA,RMG,ANDROID,$174.46,$896.68,730171,4557050
2025-03-30,USA,,IOS,$269.99,$494.12,877073,7869468
2025-03-30,USA,Sportsbetting,ANDROID,,,991146,4765560
2025-03-30,USA,,IOS,$201.51,"$1,226.59",2401450,21795497
2025-03-31,USA,RMG,ANDROID,$164.77,$797.41,683510,4557050
2025-03-31,USA,,IOS,$207.50,$482.83,717509,7869468
2025-03-31,USA,Sportsbetting,ANDROID,$520.84,$173.61,803842,4765560
2025-03-31,USA,,IOS,$428.27,"$1,119.51",2131588,21795497
2025-04-01,USA,RMG,ANDROID,$171.34,$756.71,712684,4557050
2025-04-01,USA,,IOS,$247.38,$208.25,741950,7869468
2025-04-01,USA,Sportsbetting,ANDROID,"$1,270.95","$1,270.95",714984,4765560
2025-04-01,USA,,IOS,$254.70,"$1,380.06",2028074,21795497
2025-04-02,USA,RMG,ANDROID,$165.02,$965.98,714384,4557050
2025-04-02,USA,,IOS,$290.75,$305.92,796830,7869468
2025-04-02,USA,Sportsbetting,ANDROID,$356.85,$356.85,724901,4765560
2025-04-02,USA,,IOS,$197.88,"$2,444.02",1872468,21795497
2025-04-03,USA,RMG,ANDROID,$175.08,"$1,515.19",725015,4557050
2025-04-03,USA,,IOS,$259.15,$472.15,823597,7869468
2025-04-03,USA,Sportsbetting,ANDROID,"$1,752.18","$1,752.18",753592,4765560
2025-04-03,USA,,IOS,$243.32,$604.82,1998634,21795497
2025-04-04,USA,RMG,ANDROID,$175.52,$539.14,704454,4557050
2025-04-04,USA,,IOS,$244.28,$304.64,773436,7869468
2025-04-04,USA,Sportsbetting,ANDROID,"$4,656.08","$4,656.08",754189,4765560
2025-04-04,USA,,IOS,$227.23,$969.22,2217406,21795497
2025-04-05,USA,RMG,ANDROID,$183.64,"$2,003.50",714774,4557050
2025-04-05,USA,,IOS,$219.99,$352.88,865878,7869468
2025-04-05,USA,Sportsbetting,ANDROID,"$4,344.13","$4,344.13",838817,4765560
2025-04-05,USA,,IOS,$287.90,$990.81,2164673,21795497
2025-04-06,USA,RMG,ANDROID,$153.92,"$1,523.10",707468,4557050
2025-04-06,USA,,IOS,$257.39,$454.73,822199,7869468
2025-04-06,USA,Sportsbetting,ANDROID,"$5,584.25","$5,584.25",928450,4765560
2025-04-06,USA,,IOS,$540.31,"$1,727.50",2525792,21795497
2025-04-07,USA,RMG,ANDROID,$171.26,"$1,151.93",667578,4557050
2025-04-07,USA,,IOS,$226.47,$491.40,679025,7869468
2025-04-07,USA,Sportsbetting,ANDROID,$167.33,$167.33,765488,4765560
2025-04-07,USA,,IOS,$339.00,$822.46,2173293,21795497
2025-04-08,USA,RMG,ANDROID,$157.88,"$1,018.83",685814,4557050
2025-04-08,USA,,IOS,$275.44,$772.63,700070,7869468
2025-04-08,USA,Sportsbetting,ANDROID,,,698033,4765560
2025-04-08,USA,,IOS,$370.09,$711.22,2098541,21795497
2025-04-09,USA,RMG,ANDROID,$172.31,"$1,818.72",697276,4557050
2025-04-09,USA,,IOS,$232.35,$362.63,758172,7869468
2025-04-09,USA,Sportsbetting,ANDROID,$541.84,$541.84,704563,4765560
2025-04-09,USA,,IOS,$649.50,$626.88,1923679,21795497
2025-04-10,USA,RMG,ANDROID,$158.93,"$1,482.91",694019,4557050
2025-04-10,USA,,IOS,$223.91,$490.44,780412,7869468
2025-04-10,USA,Sportsbetting,ANDROID,"$1,392.35","$1,392.35",727687,4765560
2025-04-10,USA,,IOS,$350.79,$319.97,2052792,21795497
2025-04-11,USA,RMG,ANDROID,$165.38,"$1,506.60",684998,4557050
2025-04-11,USA,,IOS,$263.34,$498.67,737440,7869468
2025-04-11,USA,Sportsbetting,ANDROID,$268.81,$268.81,734535,4765560
2025-04-11,USA,,IOS,$443.05,$469.68,2272596,21795497
2025-04-12,USA,RMG,ANDROID,$189.65,"$1,747.12",681745,4557050
2025-04-12,USA,,IOS,$323.01,$588.18,816746,7869468
2025-04-12,USA,Sportsbetting,ANDROID,$612.34,$612.34,800581,4765560
2025-04-12,USA,,IOS,"$1,058.85","$1,073.05",2314778,21795497
2025-04-13,USA,RMG,ANDROID,$233.64,"$3,098.64",720456,4557050
2025-04-13,USA,,IOS,$258.21,$956.36,796912,7869468
2025-04-13,USA,Sportsbetting,ANDROID,$553.59,$553.59,872733,4765560
2025-04-13,USA,,IOS,$364.41,$314.81,2193965,21795497
2025-04-14,USA,RMG,ANDROID,$154.16,$149.28,681469,4557050
2025-04-14,USA,,IOS,$250.76,$477.94,665664,7869468
2025-04-14,USA,Sportsbetting,ANDROID,,,723039,4765560
2025-04-14,USA,,IOS,$494.08,$581.44,1913836,21795497
2025-04-15,USA,RMG,ANDROID,$176.70,$551.77,704666,4557050
2025-04-15,USA,,IOS,$259.80,$690.15,692153,7869468
2025-04-15,USA,Sportsbetting,ANDROID,"$1,351.31","$1,351.31",662346,4765560
2025-04-15,USA,,IOS,$607.16,$583.03,1807980,21795497
2025-04-16,USA,RMG,ANDROID,$158.84,"$3,082.65",709938,4557050
2025-04-16,USA,,IOS,$320.39,$360.72,741108,7869468
2025-04-16,USA,Sportsbetting,ANDROID,"$1,667.23","$1,667.23",671364,4765560
2025-04-16,USA,,IOS,$438.35,$445.98,1771096,21795497
2025-04-17,USA,RMG,ANDROID,$168.97,,711775,4557050
2025-04-17,USA,,IOS,$258.88,$383.41,771523,7869468
2025-04-17,USA,Sportsbetting,ANDROID,,,700952,4765560
2025-04-17,USA,,IOS,$972.39,"$1,188.39",1864597,21795497
2025-04-18,USA,RMG,ANDROID,$167.11,$934.32,706040,4557050
2025-04-18,USA,,IOS,$260.22,$532.41,725076,7869468
2025-04-18,USA,Sportsbetting,ANDROID,$881.92,$881.92,706424,4765560
2025-04-18,USA,,IOS,$715.00,"$1,048.53",2084284,21795497
2025-04-19,USA,RMG,ANDROID,$206.80,"$1,568.22",702239,4557050
2025-04-19,USA,,IOS,$284.06,$719.79,808774,7869468
2025-04-19,USA,Sportsbetting,ANDROID,$825.02,$825.02,737363,4765560
2025-04-19,USA,,IOS,"$1,658.79",$718.38,2082917,21795497
2025-04-20,USA,RMG,ANDROID,$213.00,,711632,4557050
2025-04-20,USA,,IOS,$287.37,$812.65,892864,7869468
2025-04-20,USA,Sportsbetting,ANDROID,$272.72,$272.72,859933,4765560
2025-04-20,USA,,IOS,"$2,356.35",$612.72,2141776,21795497
2025-04-21,USA,RMG,ANDROID,$185.66,"$1,686.07",682310,4557050
2025-04-21,USA,,IOS,$218.16,$428.50,777381,7869468
2025-04-21,USA,Sportsbetting,ANDROID,$174.90,$174.90,712329,4765560
2025-04-21,USA,,IOS,$804.30,"$1,218.77",1960245,21795497
2025-04-22,USA,RMG,ANDROID,$208.81,"$1,710.97",704132,4557050
2025-04-22,USA,,IOS,$285.86,$922.23,795195,7869468
2025-04-22,USA,Sportsbetting,ANDROID,"$1,150.56","$1,150.56",670225,4765560
2025-04-22,USA,,IOS,$539.70,$881.07,1837556,21795497
2025-04-23,USA,RMG,ANDROID,$166.04,$682.43,708651,4557050
2025-04-23,USA,,IOS,$265.75,$540.05,860330,7869468
2025-04-23,USA,Sportsbetting,ANDROID,$321.84,$321.84,678004,4765560
2025-04-23,USA,,IOS,$585.42,$697.79,1781359,21795497
2025-04-24,USA,RMG,ANDROID,$207.45,"$1,337.83",704141,4557050
2025-04-24,USA,,IOS,$253.07,$541.20,890685,7869468
2025-04-24,USA,Sportsbetting,ANDROID,"$1,375.94","$1,375.94",704488,4765560
2025-04-24,USA,,IOS,$485.22,$534.02,1888357,21795497
2025-04-25,USA,RMG,ANDROID,$168.09,$461.55,712045,4557050
2025-04-25,USA,,IOS,$274.24,$619.27,833947,7869468
2025-04-25,USA,Sportsbetting,ANDROID,$655.49,$655.49,717115,4765560
2025-04-25,USA,,IOS,$534.62,$576.33,2123647,21795497
2025-04-26,USA,RMG,ANDROID,$179.27,"$1,197.97",704242,4557050
2025-04-26,USA,,IOS,$269.00,$983.41,902023,7869468
2025-04-26,USA,Sportsbetting,ANDROID,"$1,128.91","$1,128.91",748674,4765560
2025-04-26,USA,,IOS,$497.84,$460.80,2175315,21795497
2025-04-27,USA,RMG,ANDROID,$176.60,$472.38,707538,4557050
2025-04-27,USA,,IOS,$256.50,$847.50,834394,7869468
2025-04-27,USA,Sportsbetting,ANDROID,,,848719,4765560
2025-04-27,USA,,IOS,$633.58,$711.79,2176707,21795497
2025-04-28,USA,RMG,ANDROID,$157.15,$888.19,677692,4557050
2025-04-28,USA,,IOS,$254.32,$879.04,736677,7869468
2025-04-28,USA,Sportsbetting,ANDROID,$641.25,$641.25,728098,4765560
2025-04-28,USA,,IOS,$489.24,$650.55,2008996,21795497
2025-04-29,USA,RMG,ANDROID,$151.44,$992.33,693463,4557050
2025-04-29,USA,,IOS,$248.62,$642.96,739368,7869468
2025-04-29,USA,Sportsbetting,IOS,$356.90,$240.50,1840838,21795497
2025-04-30,USA,RMG,ANDROID,$171.73,"$1,035.04",699867,4557050
2025-04-30,USA,,IOS,$261.49,$591.77,802690,7869468
2025-04-30,USA,Sportsbetting,IOS,$435.55,$364.38,1838694,21795497
2025-05-01,USA,RMG,ANDROID,$192.87,$546.72,699942,4557050
2025-05-01,USA,,IOS,$279.87,$493.81,838042,7869468
2025-05-01,USA,Sportsbetting,IOS,$623.45,$567.36,2005167,21795497
2025-05-02,USA,RMG,ANDROID,$180.50,$460.63,708228,4557050
2025-05-02,USA,,IOS,$291.84,$560.29,781083,7869468
2025-05-02,USA,Sportsbetting,ANDROID,$686.06,$686.06,740422,4765560
2025-05-02,USA,,IOS,$500.46,$437.58,2215950,21795497
2025-05-03,USA,RMG,ANDROID,$198.12,"$1,185.34",695264,4557050
2025-05-03,USA,,IOS,$290.57,$426.76,854583,7869468
2025-05-03,USA,Sportsbetting,ANDROID,$525.38,$525.38,768347,4765560
2025-05-03,USA,,IOS,$416.97,$392.88,2313402,21795497
2025-05-04,USA,RMG,ANDROID,$182.08,$709.08,722513,4557050
2025-05-04,USA,,IOS,$274.46,$811.26,870417,7869468
2025-05-04,USA,Sportsbetting,ANDROID,$473.47,$473.47,883734,4765560
2025-05-04,USA,,IOS,$541.44,$402.73,2196377,21795497
2025-05-05,USA,RMG,ANDROID,$186.98,$658.17,694808,4557050
2025-05-05,USA,,IOS,$270.40,$558.75,768883,7869468
2025-05-05,USA,Sportsbetting,ANDROID,$421.19,$421.19,758436,4765560
2025-05-05,USA,,IOS,$467.14,$389.91,1895054,21795497
2025-05-06,USA,RMG,ANDROID,$170.44,"$1,184.41",710158,4557050
2025-05-06,USA,,IOS,$401.82,"$1,480.67",768164,7869468
2025-05-06,USA,Sportsbetting,ANDROID,$440.05,$320.14,731384,4765560
2025-05-06,USA,,IOS,$353.45,$274.58,1823248,21795497
2025-05-07,USA,RMG,ANDROID,$181.62,"$1,100.19",712757,4557050
2025-05-07,USA,,IOS,$481.44,"$1,647.46",825463,7869468
2025-05-07,USA,Sportsbetting,ANDROID,$653.02,$331.32,733440,4765560
2025-05-07,USA,,IOS,$349.38,$426.58,1835412,21795497
2025-05-08,USA,RMG,ANDROID,$159.94,$884.38,714342,4557050
2025-05-08,USA,,IOS,$279.86,$340.95,864948,7869468
2025-05-08,USA,Sportsbetting,ANDROID,$602.20,$283.57,762143,4765560
2025-05-08,USA,,IOS,$729.73,$853.40,1948669,21795497
2025-05-09,USA,RMG,ANDROID,$173.08,$574.15,724636,4557050
2025-05-09,USA,,IOS,$335.86,$708.73,815347,7869468
2025-05-09,USA,Sportsbetting,ANDROID,$531.66,$323.51,771396,4765560
2025-05-09,USA,,IOS,$731.34,$392.44,2137325,21795497
2025-05-10,USA,RMG,ANDROID,$175.48,$727.15,711111,4557050
2025-05-10,USA,,IOS,$377.77,$509.52,893563,7869468
2025-05-10,USA,Sportsbetting,ANDROID,$925.76,"$1,305.18",806068,4765560
2025-05-10,USA,,IOS,$769.68,$757.40,2304183,21795497
2025-05-11,USA,RMG,ANDROID,$164.78,$578.24,692528,4557050
2025-05-11,USA,,IOS,$313.33,$689.23,840290,7869468
2025-05-11,USA,Sportsbetting,ANDROID,$411.93,$576.14,771986,4765560
2025-05-11,USA,,IOS,$596.49,$777.26,1844132,21795497
2025-05-12,USA,RMG,ANDROID,$184.78,$478.84,665467,4557050
2025-05-12,USA,,IOS,$404.59,"$1,822.30",740311,7869468
2025-05-12,USA,Sportsbetting,ANDROID,$420.49,$331.46,710593,4765560
2025-05-12,USA,,IOS,$710.47,$284.67,1655875,21795497
2025-05-13,USA,RMG,ANDROID,$151.51,$497.01,679745,4557050
2025-05-13,USA,,IOS,$298.25,$997.32,751255,7869468
2025-05-13,USA,Sportsbetting,ANDROID,$192.39,$217.86,701927,4765560
2025-05-13,USA,,IOS,$776.65,"$1,333.83",1718537,21795497
2025-05-14,USA,RMG,ANDROID,$193.80,$647.85,683914,4557050
2025-05-14,USA,,IOS,$289.90,$311.17,800912,7869468
2025-05-14,USA,Sportsbetting,ANDROID,$176.40,$155.30,715281,4765560
2025-05-14,USA,,IOS,$367.23,$166.41,1672979,21795497
2025-05-15,USA,RMG,ANDROID,$197.12,$416.63,682685,4557050
2025-05-15,USA,,IOS,$290.19,$579.21,834229,7869468
2025-05-15,USA,Sportsbetting,ANDROID,$270.30,$177.27,733425,4765560
2025-05-15,USA,,IOS,$636.35,$414.84,1742809,21795497
2025-05-16,USA,RMG,ANDROID,$213.26,"$1,143.60",696337,4557050
2025-05-16,USA,,IOS,$366.26,"$1,138.45",804734,7869468
2025-05-16,USA,Sportsbetting,ANDROID,$394.58,,749669,4765560
2025-05-16,USA,,IOS,$465.60,$409.53,1922707,21795497
2025-05-17,USA,RMG,ANDROID,$170.71,$365.32,684058,4557050
2025-05-17,USA,,IOS,$394.34,"$1,137.44",879113,7869468
2025-05-17,USA,Sportsbetting,ANDROID,$236.65,$198.13,780610,4765560
2025-05-17,USA,,IOS,$568.48,$513.27,1991412,21795497
2025-05-18,USA,RMG,ANDROID,$158.97,$918.88,686363,4557050
2025-05-18,USA,,IOS,$305.06,$811.00,772861,7869468
2025-05-18,USA,Sportsbetting,ANDROID,$417.69,,753261,4765560
2025-05-18,USA,,IOS,$593.51,$447.71,1715335,21795497
2025-05-19,USA,RMG,ANDROID,$177.33,$497.59,657859,4557050
2025-05-19,USA,,IOS,$296.52,$863.47,667363,7869468
2025-05-19,USA,Sportsbetting,ANDROID,,,704432,4765560
2025-05-19,USA,,IOS,$723.63,$529.02,1521350,21795497
2025-05-20,USA,RMG,ANDROID,$197.30,$639.87,672014,4557050
2025-05-20,USA,,IOS,$320.66,$438.69,687163,7869468
2025-05-20,USA,Sportsbetting,ANDROID,$249.82,$236.59,698852,4765560
2025-05-20,USA,,IOS,$384.24,$385.89,1604933,21795497
2025-05-21,USA,RMG,ANDROID,$159.06,$288.01,678151,4557050
2025-05-21,USA,,IOS,$288.55,$620.05,738081,7869468
2025-05-21,USA,Sportsbetting,ANDROID,$364.92,$49.12,714199,4765560
2025-05-21,USA,,IOS,$535.97,$561.02,1556045,21795497
2025-05-22,USA,RMG,ANDROID,$200.58,$500.18,671357,4557050
2025-05-22,USA,,IOS,$318.18,$568.35,759122,7869468
2025-05-22,USA,Sportsbetting,ANDROID,$147.00,$105.91,713733,4765560
2025-05-22,USA,,IOS,$483.94,$623.79,1584071,21795497
2025-05-23,USA,RMG,ANDROID,$171.81,$614.35,685610,4557050
2025-05-23,USA,,IOS,$455.70,"$2,635.72",737362,7869468
2025-05-23,USA,Sportsbetting,ANDROID,$348.09,$140.17,734793,4765560
2025-05-23,USA,,IOS,$253.73,$271.07,1798675,21795497
2025-05-24,USA,RMG,ANDROID,$222.08,$407.29,685499,4557050
2025-05-24,USA,,IOS,$407.00,$986.82,802377,7869468
2025-05-24,USA,Sportsbetting,ANDROID,$427.34,,760283,4765560
2025-05-24,USA,,IOS,$474.50,$536.65,1851094,21795497
2025-05-25,USA,RMG,ANDROID,$159.02,$882.78,723526,4557050
2025-05-25,USA,,IOS,$301.48,$314.38,824132,7869468
2025-05-25,USA,Sportsbetting,ANDROID,$350.08,$163.80,740074,4765560
2025-05-25,USA,,IOS,$408.28,$223.19,1702816,21795497
2025-05-26,USA,RMG,ANDROID,$211.38,$485.39,685942,4557050
2025-05-26,USA,,IOS,$290.26,$556.03,716942,7869468
2025-05-26,USA,Sportsbetting,ANDROID,$391.60,,701152,4765560
2025-05-26,USA,,IOS,$321.14,$428.18,1543150,21795497
2025-05-27,USA,RMG,ANDROID,$188.16,$615.84,703415,4557050
2025-05-27,USA,,IOS,$267.28,$534.66,729461,7869468
2025-05-27,USA,Sportsbetting,ANDROID,,,692561,4765560
2025-05-27,USA,,IOS,$422.45,$369.07,1586579,21795497
2025-05-28,USA,RMG,ANDROID,$177.63,$633.05,708008,4557050
2025-05-28,USA,,IOS,$284.87,$744.13,795246,7869468
2025-05-28,USA,Sportsbetting,ANDROID,$99.23,$99.23,709485,4765560
2025-05-28,USA,,IOS,$590.07,$535.73,1524493,21795497
2025-05-29,USA,RMG,ANDROID,$177.37,$789.57,701925,4557050
2025-05-29,USA,,IOS,$329.07,$418.99,816337,7869468
2025-05-29,USA,Sportsbetting,ANDROID,$185.03,,707383,4765560
2025-05-29,USA,,IOS,"$1,581.19","$1,502.64",1581963,21795497
2025-05-30,USA,RMG,ANDROID,$246.32,$701.06,709241,4557050
2025-05-30,USA,,IOS,$378.33,$760.70,785347,7869468
2025-05-30,USA,Sportsbetting,ANDROID,$98.47,,728026,4765560
2025-05-30,USA,,IOS,"$1,530.77","$1,474.40",1726866,21795497
2025-05-31,USA,RMG,ANDROID,$214.70,$967.85,720302,4557050
2025-05-31,USA,,IOS,$386.05,$561.15,854013,7869468
2025-05-31,USA,Sportsbetting,ANDROID,$306.43,$385.04,746289,4765560
2025-05-31,USA,,IOS,$485.46,$535.75,1759839,21795497
2025-06-01,USA,RMG,ANDROID,$214.21,$482.64,761081,4557050
2025-06-01,USA,,IOS,$351.82,$687.32,879146,7869468
2025-06-01,USA,Sportsbetting,ANDROID,$313.22,$338.10,701078,4765560
2025-06-01,USA,,IOS,$609.52,"$1,088.61",1688828,21795497
2025-06-02,USA,RMG,ANDROID,$156.34,$679.15,716976,4557050
2025-06-02,USA,,IOS,$300.96,$418.18,759860,7869468
2025-06-02,USA,Sportsbetting,ANDROID,$235.81,$202.62,668502,4765560
2025-06-02,USA,,IOS,$479.85,$399.84,1533109,21795497
2025-06-03,USA,RMG,ANDROID,$215.82,"$1,186.19",728789,4557050
2025-06-03,USA,,IOS,$351.00,$659.24,768528,7869468
2025-06-03,USA,Sportsbetting,ANDROID,,,655176,4765560
2025-06-03,USA,,IOS,$438.97,$664.07,1570666,21795497
2025-06-04,USA,RMG,ANDROID,$207.00,$980.66,747097,4557050
2025-06-04,USA,,IOS,$423.30,$940.40,842749,7869468
2025-06-04,USA,Sportsbetting,ANDROID,$258.71,$335.85,679439,4765560
2025-06-04,USA,,IOS,$534.23,$627.60,1554876,21795497
2025-06-05,USA,RMG,ANDROID,$209.56,"$1,354.74",732365,4557050
2025-06-05,USA,,IOS,$317.11,$503.21,867736,7869468
2025-06-05,USA,Sportsbetting,ANDROID,$408.47,$822.96,680426,4765560
2025-06-05,USA,,IOS,$353.35,$296.07,1635184,21795497
2025-06-06,USA,RMG,ANDROID,$150.47,$788.20,744716,4557050
2025-06-06,USA,,IOS,$338.15,$653.79,830803,7869468
2025-06-06,USA,Sportsbetting,ANDROID,$330.04,,692930,4765560
2025-06-06,USA,,IOS,$404.91,$438.28,1782198,21795497
2025-06-07,USA,RMG,ANDROID,$190.19,"$1,020.62",754769,4557050
2025-06-07,USA,,IOS,$351.49,$400.58,894584,7869468
2025-06-07,USA,Sportsbetting,ANDROID,$230.51,$260.64,709371,4765560
2025-06-07,USA,,IOS,$304.36,$341.17,1757649,21795497
2025-06-08,USA,RMG,ANDROID,$151.42,$611.57,744759,4557050
2025-06-08,USA,,IOS,$320.75,$695.51,853383,7869468
2025-06-08,USA,Sportsbetting,ANDROID,$399.83,$262.18,715638,4765560
2025-06-08,USA,,IOS,$226.19,$144.59,1817119,21795497
2025-06-09,USA,RMG,ANDROID,$157.14,"$1,113.73",701758,4557050
2025-06-09,USA,,IOS,$418.66,$852.11,735789,7869468
2025-06-09,USA,Sportsbetting,ANDROID,$272.32,$265.46,678964,4765560
2025-06-09,USA,,IOS,$477.12,$419.93,1682737,21795497
2025-06-10,USA,RMG,ANDROID,$237.46,"$1,080.97",704704,4557050
2025-06-10,USA,,IOS,$337.76,$618.37,736758,7869468
2025-06-10,USA,Sportsbetting,ANDROID,$388.30,$445.97,673408,4765560
2025-06-10,USA,,IOS,$445.79,$380.01,1628948,21795497
2025-06-11,USA,RMG,ANDROID,$176.06,"$1,506.89",732375,4557050
2025-06-11,USA,,IOS,$336.46,$557.95,814462,7869468
2025-06-11,USA,Sportsbetting,ANDROID,$333.60,$390.76,693259,4765560
2025-06-11,USA,,IOS,$217.39,$252.18,1589102,21795497
2025-06-12,USA,RMG,ANDROID,$170.37,,715665,4557050
2025-06-12,USA,,IOS,$364.79,$869.47,828310,7869468
2025-06-12,USA,Sportsbetting,ANDROID,$782.32,$782.32,708760,4765560
2025-06-12,USA,,IOS,$604.88,$710.92,1753711,21795497
2025-06-13,USA,RMG,ANDROID,$211.94,"$1,160.17",719889,4557050
2025-06-13,USA,,IOS,$387.30,"$2,020.82",789911,7869468
2025-06-13,USA,Sportsbetting,ANDROID,$298.34,$377.19,710801,4765560
2025-06-13,USA,,IOS,$845.57,"$1,339.31",1881691,21795497
2025-06-14,USA,RMG,ANDROID,$215.10,$477.32,726517,4557050
2025-06-14,USA,,IOS,$370.87,"$1,422.57",849530,7869468
2025-06-14,USA,Sportsbetting,ANDROID,$265.96,$243.40,736138,4765560
2025-06-14,USA,,IOS,$359.03,$371.86,1835404,21795497
2025-06-15,USA,RMG,ANDROID,$230.37,$812.04,738961,4557050
2025-06-15,USA,,IOS,$388.92,$605.15,840500,7869468
2025-06-15,USA,Sportsbetting,ANDROID,$324.83,$324.83,678689,4765560
2025-06-15,USA,,IOS,$373.09,$240.89,1675585,21795497
2025-06-16,USA,RMG,ANDROID,$216.55,"$2,479.17",690826,4557050
2025-06-16,USA,,IOS,$339.36,$754.83,719063,7869468
2025-06-16,USA,Sportsbetting,ANDROID,$476.07,$417.56,637137,4765560
2025-06-16,USA,,IOS,$346.01,$335.90,1600805,21795497
2025-06-17,USA,RMG,ANDROID,$237.35,"$2,531.76",697948,4557050
2025-06-17,USA,,IOS,$380.58,$362.67,718135,7869468
2025-06-17,USA,Sportsbetting,ANDROID,$352.56,,630788,4765560
2025-06-17,USA,,IOS,$766.62,"$1,563.55",1518943,21795497
2025-06-18,USA,RMG,ANDROID,$250.38,$488.95,724308,4557050
2025-06-18,USA,,IOS,$411.67,$637.28,795428,7869468
2025-06-18,USA,Sportsbetting,ANDROID,$423.27,$665.04,652302,4765560
2025-06-18,USA,,IOS,$620.07,"$1,218.58",1472758,21795497
2025-06-19,USA,RMG,ANDROID,$192.30,"$1,235.82",704912,4557050
2025-06-19,USA,,IOS,$348.40,"$1,243.51",796020,7869468
2025-06-19,USA,Sportsbetting,ANDROID,$685.38,$651.90,650031,4765560
2025-06-19,USA,,IOS,$496.50,$381.51,1611058,21795497
2025-06-20,USA,RMG,ANDROID,$176.14,$770.21,712623,4557050
2025-06-20,USA,,IOS,$392.98,$564.72,754910,7869468
2025-06-20,USA,Sportsbetting,ANDROID,$467.26,,664506,4765560
2025-06-20,USA,,IOS,$684.01,$917.42,1813547,21795497
2025-06-21,USA,RMG,ANDROID,$209.66,$566.09,717382,4557050
2025-06-21,USA,,IOS,$374.62,"$1,557.91",808597,7869468
2025-06-21,USA,Sportsbetting,ANDROID,$437.53,$177.16,677997,4765560
2025-06-21,USA,,IOS,$412.03,$596.61,1702889,21795497
2025-06-22,USA,RMG,ANDROID,$223.37,$527.95,709310,4557050
2025-06-22,USA,,IOS,$418.74,$693.10,763306,7869468
2025-06-22,USA,Sportsbetting,ANDROID,$579.16,$140.14,699173,4765560
2025-06-22,USA,,IOS,$353.06,$439.75,1677966,21795497
2025-06-23,USA,RMG,ANDROID,$180.63,$841.84,662838,4557050
2025-06-23,USA,,IOS,$379.52,$471.33,654405,7869468
2025-06-23,USA,Sportsbetting,ANDROID,$290.43,$282.17,660217,4765560
2025-06-23,USA,,IOS,$404.91,$797.36,1617029,21795497
2025-06-24,USA,RMG,ANDROID,$160.85,$639.14,672196,4557050
2025-06-24,USA,,IOS,$336.45,$370.21,645807,7869468
2025-06-24,USA,Sportsbetting,ANDROID,$469.03,$445.17,659593,4765560
2025-06-24,USA,,IOS,$450.78,$474.87,1553065,21795497
2025-06-25,USA,RMG,ANDROID,$142.03,"$1,111.59",697186,4557050
2025-06-25,USA,,IOS,$332.18,$709.21,726627,7869468
2025-06-25,USA,Sportsbetting,ANDROID,$377.60,$377.60,678903,4765560
2025-06-25,USA,,IOS,$523.85,$863.84,1451959,21795497
2025-06-26,USA,RMG,ANDROID,$190.00,"$1,911.86",674526,4557050
2025-06-26,USA,,IOS,$381.55,"$1,362.63",720875,7869468
2025-06-26,USA,Sportsbetting,ANDROID,$346.07,$389.96,668952,4765560
2025-06-26,USA,,IOS,$464.29,$643.14,1591301,21795497
2025-06-27,USA,RMG,ANDROID,$199.91,"$1,601.58",682429,4557050
2025-06-27,USA,,IOS,$296.84,$482.08,694304,7869468
2025-06-27,USA,Sportsbetting,ANDROID,$449.22,,677360,4765560
2025-06-27,USA,,IOS,$287.52,$401.59,1698603,21795497
2025-06-28,USA,RMG,ANDROID,$206.38,$606.66,691638,4557050
2025-06-28,USA,,IOS,$310.48,$334.29,742885,7869468
2025-06-28,USA,Sportsbetting,ANDROID,$438.28,$461.48,682591,4765560
2025-06-28,USA,,IOS,$292.30,$244.31,1662874,21795497
2025-06-29,USA,RMG,ANDROID,$166.56,$545.32,703842,4557050
2025-06-29,USA,,IOS,$300.11,$629.36,777789,7869468
2025-06-29,USA,Sportsbetting,ANDROID,$614.29,$298.14,675933,4765560
2025-06-29,USA,,IOS,$245.19,$275.93,1535863,21795497
2025-06-30,USA,RMG,ANDROID,$165.48,$450.72,652159,4557050
2025-06-30,USA,,IOS,$359.26,$710.62,703908,7869468
2025-06-30,USA,Sportsbetting,ANDROID,$862.24,$525.43,638040,4765560
2025-06-30,USA,,IOS,$530.87,$951.06,1497145,21795497
2025-07-01,USA,RMG,ANDROID,$144.73,$708.19,676694,4557050
2025-07-01,USA,,IOS,$303.92,$274.75,695425,7869468
2025-07-01,USA,Sportsbetting,ANDROID,$117.80,$102.38,637294,4765560
2025-07-01,USA,,IOS,$520.75,"$1,034.14",1518624,21795497
2025-07-02,USA,RMG,ANDROID,$138.42,$353.66,693627,4557050
2025-07-02,USA,,IOS,$363.43,$227.51,758313,7869468
2025-07-02,USA,Sportsbetting,ANDROID,$246.80,$450.58,653750,4765560
2025-07-02,USA,,IOS,$403.59,$654.36,1405344,21795497
2025-07-03,USA,RMG,ANDROID,$172.86,$461.77,679088,4557050
2025-07-03,USA,,IOS,$284.99,$360.14,748999,7869468
2025-07-03,USA,Sportsbetting,ANDROID,$372.30,$255.88,645274,4765560
2025-07-03,USA,,IOS,$638.86,$986.18,1508765,21795497
2025-07-04,USA,RMG,ANDROID,$172.54,$374.38,674596,4557050
2025-07-04,USA,,IOS,$300.75,$399.34,722648,7869468
2025-07-04,USA,Sportsbetting,ANDROID,$554.98,$206.54,654527,4765560
2025-07-04,USA,,IOS,$504.77,$544.12,1540404,21795497
2025-07-05,USA,RMG,ANDROID,$183.30,$605.27,692996,4557050
2025-07-05,USA,,IOS,$298.81,$292.68,759769,7869468
2025-07-05,USA,Sportsbetting,ANDROID,$416.30,$215.75,663826,4765560
2025-07-05,USA,,IOS,$435.22,$381.29,1594214,21795497
2025-07-06,USA,RMG,ANDROID,$163.99,$281.32,687138,4557050
2025-07-06,USA,,IOS,$298.60,$147.51,735318,7869468
2025-07-06,USA,Sportsbetting,ANDROID,$466.08,$283.54,675670,4765560
2025-07-06,USA,,IOS,$838.13,$669.44,1509229,21795497
2025-07-07,USA,RMG,ANDROID,$150.96,$386.11,634583,4557050
2025-07-07,USA,,IOS,$260.80,$185.52,664224,7869468
2025-07-07,USA,Sportsbetting,ANDROID,$442.88,,641846,4765560
2025-07-07,USA,,IOS,$865.83,$940.38,1471506,21795497
2025-07-08,USA,RMG,ANDROID,$155.42,$614.81,664236,4557050
2025-07-08,USA,,IOS,$258.40,$419.44,684310,7869468
2025-07-08,USA,Sportsbetting,ANDROID,$208.78,,647838,4765560
2025-07-08,USA,,IOS,$446.71,"$1,451.03",1562406,21795497
2025-07-09,USA,RMG,ANDROID,$163.02,$863.92,679381,4557050
2025-07-09,USA,,IOS,$264.70,$348.32,727859,7869468
2025-07-09,USA,Sportsbetting,ANDROID,$89.21,,664054,4765560
2025-07-09,USA,,IOS,$252.67,$584.02,1412623,21795497
2025-07-10,USA,RMG,ANDROID,$189.22,$686.55,667356,4557050
2025-07-10,USA,,IOS,$281.17,$383.02,723300,7869468
2025-07-10,USA,Sportsbetting,ANDROID,$189.46,$282.68,642572,4765560
2025-07-10,USA,,IOS,$358.10,$455.09,1493772,21795497
2025-07-11,USA,RMG,ANDROID,$176.44,$677.29,654860,4557050
2025-07-11,USA,,IOS,$319.67,$566.46,700567,7869468
2025-07-11,USA,Sportsbetting,ANDROID,$340.87,,656230,4765560
2025-07-11,USA,,IOS,$696.68,"$1,337.49",1475407,21795497
2025-07-12,USA,RMG,ANDROID,$236.99,$604.16,673297,4557050
2025-07-12,USA,,IOS,$347.31,$619.31,737367,7869468
2025-07-12,USA,Sportsbetting,ANDROID,$361.22,$269.70,666683,4765560
2025-07-12,USA,,IOS,$305.07,$197.40,1610678,21795497
2025-07-13,USA,RMG,ANDROID,$166.29,"$1,549.18",657928,4557050
2025-07-13,USA,,IOS,$292.92,$370.15,738702,7869468
2025-07-13,USA,Sportsbetting,ANDROID,$324.08,,619297,4765560
2025-07-13,USA,,IOS,$563.75,$140.49,1591582,21795497
2025-07-14,USA,RMG,ANDROID,$173.87,"$1,736.25",610428,4557050
2025-07-14,USA,,IOS,$291.80,$416.51,674117,7869468
2025-07-14,USA,Sportsbetting,ANDROID,$144.61,,587597,4765560
2025-07-14,USA,,IOS,$545.84,"$1,111.54",1477813,21795497
2025-07-15,USA,RMG,ANDROID,$185.06,"$1,367.28",641411,4557050
2025-07-15,USA,,IOS,$252.12,$395.52,687402,7869468
2025-07-15,USA,Sportsbetting,ANDROID,$129.68,,593495,4765560
2025-07-15,USA,,IOS,$488.70,$505.03,1564578,21795497
2025-07-16,USA,RMG,ANDROID,$180.16,"$1,345.77",647851,4557050
2025-07-16,USA,,IOS,$248.54,$293.92,718346,7869468
2025-07-16,USA,Sportsbetting,ANDROID,$107.56,,602555,4765560
2025-07-16,USA,,IOS,$227.71,$362.85,1447535,21795497
2025-07-17,USA,RMG,ANDROID,$197.82,$580.34,636222,4557050
2025-07-17,USA,,IOS,$220.87,$313.70,712499,7869468
2025-07-17,USA,Sportsbetting,ANDROID,$231.95,,587010,4765560
2025-07-17,USA,,IOS,$356.03,$523.46,1526868,21795497
2025-07-18,USA,RMG,ANDROID,$236.86,"$3,106.52",623866,4557050
2025-07-18,USA,,IOS,$241.78,$479.06,695711,7869468
2025-07-18,USA,Sportsbetting,ANDROID,$212.13,,595903,4765560
2025-07-18,USA,,IOS,$182.73,$421.05,1513143,21795497
2025-07-19,USA,RMG,ANDROID,$234.15,$963.52,640701,4557050
2025-07-19,USA,,IOS,$233.14,$506.25,731627,7869468
2025-07-19,USA,Sportsbetting,ANDROID,$255.03,"$2,105.73",607618,4765560
2025-07-19,USA,,IOS,$182.47,$462.10,1670702,21795497
2025-07-20,USA,RMG,ANDROID,$237.29,"$1,695.59",685510,4557050
2025-07-20,USA,,IOS,$330.56,$464.15,718251,7869468
2025-07-20,USA,Sportsbetting,ANDROID,$260.63,,676413,4765560
2025-07-20,USA,,IOS,$203.99,$193.39,1676061,21795497
2025-07-21,USA,RMG,ANDROID,$187.44,$368.08,634981,4557050
2025-07-21,USA,,IOS,$262.21,$425.74,658205,7869468
2025-07-21,USA,Sportsbetting,ANDROID,$95.17,,643585,4765560
2025-07-21,USA,,IOS,$366.22,$655.07,1563766,21795497
2025-07-22,USA,RMG,ANDROID,$232.08,"$1,547.48",673913,4557050
2025-07-22,USA,,IOS,$263.97,$600.53,682498,7869468
2025-07-22,USA,Sportsbetting,ANDROID,$183.66,,642646,4765560
2025-07-22,USA,,IOS,$309.34,$569.78,1603967,21795497
2025-07-23,USA,RMG,ANDROID,$198.12,"$1,576.38",670727,4557050
2025-07-23,USA,,IOS,$296.79,$926.74,703245,7869468
2025-07-23,USA,Sportsbetting,ANDROID,$137.68,,650359,4765560
2025-07-23,USA,,IOS,$390.13,$661.76,1483617,21795497
2025-07-24,USA,RMG,ANDROID,$231.69,$721.40,666779,4557050
2025-07-24,USA,,IOS,$322.88,$468.62,717197,7869468
2025-07-24,USA,Sportsbetting,ANDROID,$208.60,,634136,4765560
2025-07-24,USA,,IOS,$362.77,$301.84,1560049,21795497
2025-07-25,USA,RMG,ANDROID,$209.64,$539.51,643585,4557050
2025-07-25,USA,,IOS,$281.70,$392.95,665761,7869468
2025-07-25,USA,Sportsbetting,ANDROID,$203.38,$554.18,649944,4765560
2025-07-25,USA,,IOS,$223.50,$296.84,1608414,21795497
2025-07-26,USA,RMG,ANDROID,$204.57,$709.25,667794,4557050
2025-07-26,USA,,IOS,$346.21,$613.84,724223,7869468
2025-07-26,USA,Sportsbetting,ANDROID,$162.06,$383.86,669797,4765560
2025-07-26,USA,,IOS,$641.53,$453.31,1729418,21795497
2025-07-27,USA,RMG,ANDROID,$217.26,$842.82,648313,4557050
2025-07-27,USA,,IOS,$362.76,$575.52,695935,7869468
2025-07-27,USA,Sportsbetting,ANDROID,$110.86,,708647,4765560
2025-07-27,USA,,IOS,$341.42,$843.52,1702773,21795497
2025-07-28,USA,RMG,ANDROID,$166.89,$496.37,606994,4557050
2025-07-28,USA,,IOS,$254.20,$404.01,637134,7869468
2025-07-28,USA,Sportsbetting,ANDROID,$232.13,,680304,4765560
2025-07-28,USA,,IOS,$332.63,$264.45,1621563,21795497
2025-07-29,USA,RMG,ANDROID,$165.70,$475.44,642373,4557050
2025-07-29,USA,,IOS,$246.68,$325.52,672000,7869468
2025-07-29,USA,Sportsbetting,ANDROID,$161.56,,680348,4765560
2025-07-29,USA,,IOS,$693.62,$372.65,1615044,21795497
2025-07-30,USA,RMG,ANDROID,$198.76,$709.02,639079,4557050
2025-07-30,USA,,IOS,$255.73,$475.95,682712,7869468
2025-07-30,USA,Sportsbetting,ANDROID,$161.89,,685256,4765560
2025-07-30,USA,,IOS,$397.11,$415.23,1561576,21795497
2025-07-31,USA,RMG,ANDROID,$184.39,$334.89,632780,4557050
2025-07-31,USA,,IOS,$293.10,$264.50,691117,7869468
2025-07-31,USA,Sportsbetting,ANDROID,$116.76,$132.06,662646,4765560
2025-07-31,USA,,IOS,$371.62,$318.25,1599789,21795497
2025-08-01,USA,RMG,ANDROID,$177.85,$526.37,604743,4557050
2025-08-01,USA,,IOS,$267.90,$299.79,646020,7869468
2025-08-01,USA,Sportsbetting,ANDROID,$194.04,$456.96,678364,4765560
2025-08-01,USA,,IOS,$280.65,$284.67,1708842,21795497
2025-08-02,USA,RMG,ANDROID,$184.14,$474.17,635200,4557050
2025-08-02,USA,,IOS,$253.82,$302.78,722614,7869468
2025-08-02,USA,Sportsbetting,ANDROID,$230.21,$484.92,700843,4765560
2025-08-02,USA,,IOS,$296.94,$422.23,1779915,21795497
2025-08-03,USA,RMG,ANDROID,$193.21,$859.35,657162,4557050
2025-08-03,USA,,IOS,$286.16,$289.79,805674,7869468
2025-08-03,USA,Sportsbetting,ANDROID,$308.78,"$1,063.57",759880,4765560
2025-08-03,USA,,IOS,$307.34,$310.21,2069960,21795497
2025-08-04,USA,RMG,ANDROID,$163.97,$841.24,617115,4557050
2025-08-04,USA,,IOS,$269.54,$210.81,733099,7869468
2025-08-04,USA,Sportsbetting,ANDROID,$587.33,"$2,663.73",725709,4765560
2025-08-04,USA,,IOS,$273.77,$335.52,1974316,21795497
2025-08-05,USA,RMG,ANDROID,$164.88,$399.13,657546,4557050
2025-08-05,USA,,IOS,$258.00,$386.63,746552,7869468
2025-08-05,USA,Sportsbetting,ANDROID,$281.67,$867.17,730705,4765560
2025-08-05,USA,,IOS,$332.11,$464.95,1981346,21795497
2025-08-06,USA,RMG,ANDROID,$160.21,$265.03,653172,4557050
2025-08-06,USA,,IOS,$266.39,$302.18,786340,7869468
2025-08-06,USA,Sportsbetting,ANDROID,$536.95,"$1,258.33",734040,4765560
2025-08-06,USA,,IOS,$390.35,$228.89,2016783,21795497
2025-08-07,USA,RMG,ANDROID,$165.86,$651.66,649858,4557050
2025-08-07,USA,,IOS,$330.30,$279.63,820381,7869468
2025-08-07,USA,Sportsbetting,ANDROID,$329.75,$534.24,719180,4765560
2025-08-07,USA,,IOS,$514.29,$824.74,1970041,21795497
2025-08-08,USA,RMG,ANDROID,$198.71,$589.82,615878,4557050
2025-08-08,USA,,IOS,$287.59,$183.90,759305,7869468
2025-08-08,USA,Sportsbetting,ANDROID,$289.03,"$1,033.89",736512,4765560
2025-08-08,USA,,IOS,$367.72,$210.30,2135801,21795497
2025-08-09,USA,RMG,ANDROID,$169.84,$701.54,648524,4557050
2025-08-09,USA,,IOS,$301.74,$196.10,817483,7869468
2025-08-09,USA,Sportsbetting,ANDROID,$444.22,"$1,367.02",748861,4765560
2025-08-09,USA,,IOS,$756.89,"$2,004.26",2136664,21795497
2025-08-10,USA,RMG,ANDROID,$158.80,$570.38,#DIV/0!,4557050
2025-08-10,USA,,IOS,$331.63,$417.99,#DIV/0!,7869468
2025-08-10,USA,Sportsbetting,ANDROID,"$1,017.64","$4,728.08",#DIV/0!,4765560
2025-08-10,USA,,IOS,$513.74,$801.25,#DIV/0!,21795497
2025-08-11,USA,RMG,ANDROID,$160.69,$342.21,#DIV/0!,4557050
2025-08-11,USA,,IOS,$307.01,$484.93,#DIV/0!,7869468
2025-08-11,USA,Sportsbetting,ANDROID,$545.86,"$1,154.21",#DIV/0!,4765560
2025-08-11,USA,,IOS,$450.01,$449.21,#DIV/0!,21795497
2025-08-12,USA,RMG,ANDROID,$228.56,$702.90,#DIV/0!,4557050
2025-08-12,USA,,IOS,$331.50,$779.70,#DIV/0!,7869468
2025-08-12,USA,Sportsbetting,ANDROID,$240.18,,#DIV/0!,4765560
2025-08-12,USA,,IOS,$666.08,$946.18,#DIV/0!,21795497
2025-08-13,USA,RMG,ANDROID,$172.49,$458.14,#DIV/0!,4557050
2025-08-13,USA,,IOS,$268.06,$164.31,#DIV/0!,7869468
2025-08-13,USA,Sportsbetting,ANDROID,$655.50,"$1,539.89",#DIV/0!,4765560
2025-08-13,USA,,IOS,$626.73,$615.42,#DIV/0!,21795497
2025-08-14,USA,RMG,ANDROID,$161.83,$256.85,#DIV/0!,4557050
2025-08-14,USA,,IOS,$328.46,$414.97,#DIV/0!,7869468
2025-08-14,USA,Sportsbetting,ANDROID,$329.55,$656.93,#DIV/0!,4765560
2025-08-14,USA,,IOS,$842.29,"$1,762.36",#DIV/0!,21795497
2025-08-15,USA,RMG,ANDROID,$233.93,"$1,470.12",#DIV/0!,4557050
2025-08-15,USA,,IOS,$310.94,$565.53,#DIV/0!,7869468
2025-08-15,USA,Sportsbetting,ANDROID,$204.70,,#DIV/0!,4765560
2025-08-15,USA,,IOS,$458.56,$584.59,#DIV/0!,21795497
2025-08-16,USA,RMG,ANDROID,$195.06,$710.38,#DIV/0!,4557050
2025-08-16,USA,,IOS,$325.62,$540.55,#DIV/0!,7869468
2025-08-16,USA,Sportsbetting,ANDROID,$614.90,"$1,087.32",#DIV/0!,4765560
2025-08-16,USA,,IOS,$372.70,$463.36,#DIV/0!,21795497
2025-08-17,USA,RMG,ANDROID,$192.40,$921.95,#DIV/0!,4557050
2025-08-17,USA,,IOS,$294.38,$486.53,#DIV/0!,7869468
2025-08-17,USA,Sportsbetting,ANDROID,$685.22,"$1,536.28",#DIV/0!,4765560
2025-08-17,USA,,IOS,$343.81,$236.54,#DIV/0!,21795497
2025-08-18,USA,RMG,ANDROID,$309.64,"$1,585.53",#DIV/0!,4557050
2025-08-18,USA,,IOS,$277.36,$750.89,#DIV/0!,7869468
2025-08-18,USA,Sportsbetting,ANDROID,$563.21,$879.29,#DIV/0!,4765560
2025-08-18,USA,,IOS,$567.57,$552.75,#DIV/0!,21795497
2025-08-19,USA,RMG,ANDROID,$268.89,"$1,192.41",#DIV/0!,4557050
2025-08-19,USA,,IOS,$316.75,"$1,054.64",#DIV/0!,7869468
2025-08-19,USA,Sportsbetting,ANDROID,$654.26,"$1,448.84",#DIV/0!,4765560
2025-08-19,USA,,IOS,$650.72,$354.23,#DIV/0!,21795497
2025-08-20,USA,RMG,ANDROID,$224.53,"$1,015.71",#DIV/0!,#DIV/0!
2025-08-20,USA,,IOS,$311.51,$325.30,#DIV/0!,#DIV/0!
2025-08-20,USA,Sportsbetting,ANDROID,$441.29,$361.43,#DIV/0!,#DIV/0!
2025-08-20,USA,,IOS,$474.76,$527.75,#DIV/0!,#DIV/0!
2025-08-21,USA,RMG,ANDROID,$223.22,$811.90,#DIV/0!,#DIV/0!
2025-08-21,USA,,IOS,$275.76,$429.26,#DIV/0!,#DIV/0!
2025-08-21,USA,Sportsbetting,ANDROID,$708.20,$644.58,#DIV/0!,#DIV/0!
2025-08-21,USA,,IOS,$316.10,$284.16,#DIV/0!,#DIV/0!
2025-08-22,USA,RMG,ANDROID,$276.13,"$1,706.11",#DIV/0!,#DIV/0!
2025-08-22,USA,,IOS,$369.35,$502.66,#DIV/0!,#DIV/0!
2025-08-22,USA,Sportsbetting,ANDROID,$766.28,"$1,554.61",#DIV/0!,#DIV/0!
2025-08-22,USA,,IOS,$438.86,$390.96,#DIV/0!,#DIV/0!
2025-08-23,USA,RMG,ANDROID,$341.54,"$1,911.63",#DIV/0!,#DIV/0!
2025-08-23,USA,,IOS,$345.48,$723.90,#DIV/0!,#DIV/0!
2025-08-23,USA,Sportsbetting,ANDROID,$701.30,$985.26,#DIV/0!,#DIV/0!
2025-08-23,USA,,IOS,"$1,423.37",$578.60,#DIV/0!,#DIV/0!
2025-08-24,USA,RMG,ANDROID,$270.98,$765.13,#DIV/0!,#DIV/0!
2025-08-24,USA,,IOS,$438.60,$597.40,#DIV/0!,#DIV/0!
2025-08-24,USA,Sportsbetting,ANDROID,$505.06,$547.15,#DIV/0!,#DIV/0!
2025-08-24,USA,,IOS,$809.96,$675.53,#DIV/0!,#DIV/0!
2025-08-25,USA,RMG,ANDROID,$243.25,"$2,218.23",#DIV/0!,#DIV/0!
2025-08-25,USA,,IOS,$362.64,$327.94,#DIV/0!,#DIV/0!
2025-08-25,USA,Sportsbetting,ANDROID,$719.81,$797.51,#DIV/0!,#DIV/0!
2025-08-25,USA,,IOS,"$1,123.65","$1,141.03",#DIV/0!,#DIV/0!
2025-08-26,USA,RMG,ANDROID,$324.27,$315.87,#DIV/0!,#DIV/0!
2025-08-26,USA,,IOS,$658.71,"$1,261.16",#DIV/0!,#DIV/0!
2025-08-26,USA,Sportsbetting,ANDROID,"$1,450.36",$735.97,#DIV/0!,#DIV/0!
2025-08-26,USA,,IOS,"$1,393.28",$934.46,#DIV/0!,#DIV/0!